Longitude (deg),Latitude (deg),Traffic_Score,Hospital_Score,Tour_Score,Total_Score
126.940197126924,37.6218758779628,0.634934173394356,0.1428484534320383,0.03988471666451899,1.297925241952389
127.09629161104,37.5357561599338,0.7162981031516615,0.4442037283126957,0.0,1.9628546113528837
126.939431812779,37.4920199364761,0.7140252105022458,0.4825508463568221,0.003242107701393487,2.041002670019103
127.033748830012,37.6127596571835,0.6496696604931407,0.12067379809292808,0.0,1.2158520869255671
126.839673211734,37.5611106367388,0.7250078892392284,0.7393560763929817,0.16539214036781502,2.814312197196528
127.062331211897,37.4680524781976,0.7143667476389779,0.009124528471702706,0.0361201467205548,1.1439793984827045
126.989845961381,37.5487003183809,0.7201127435437368,0.19485812441953285,0.49384781561219315,2.2106570875729608
127.135743949184,37.4900996047215,1.0,0.17620492695250847,0.0,1.852409853905017
126.882609053195,37.4979398232747,0.7406061499494598,0.8627530149108323,0.0,2.8364152547458543
126.990198249693,37.4954741847756,0.7197475009868617,0.25848928286090084,0.06829081507774702,1.6990360398187148
127.07240382942,37.6356909518528,0.5501802743004591,0.6699208525316499,0.001446935169149299,2.1672825192677125
127.054436895853,37.5741327660944,0.7204810494252826,0.6478801454692971,0.0,2.376481865076518
127.160031567389,37.5611732407006,0.8247532751182254,0.2342011892364794,0.0,1.7055322911502968
126.842556723364,37.5167626579081,0.7007419278095964,0.3605332110824789,0.0,1.7721793138793522
126.984476867437,37.5795064919984,0.7041859059165335,0.5688191901563588,0.050583331865432846,2.269792236985667
127.04365167531,37.4880053051703,0.7135707545053495,0.6922035624951945,0.03034572070291801,2.5002818378027905
126.995727464298,37.4670454956483,0.7033278922403441,0.06484464940025521,0.06047986767408353,1.2754009386721519
126.910783051953,37.6364693979169,0.5272780107580192,0.446212911963576,0.04597319276448352,1.7523026292109058
126.933424788436,37.4508069008096,0.6545663614150034,0.0,0.0,0.9818495421225051
126.895070445354,37.5193515835658,0.7265294661671342,0.7051736616979289,0.0,2.500141522646559
127.018561707293,37.5397772933604,0.7026580609550711,0.1728243901554732,0.15743336845591208,1.635785924427421
127.009811036401,37.6433496751225,0.520501795202513,0.5715882991535265,0.0,1.9239292911108226
126.969764830516,37.6218055524942,0.6350632571831664,0.0,0.0,0.9525948857747495
127.081700122198,37.5924793497494,0.7346312058716299,0.505178833807506,0.03265325734226479,2.161284362435854
126.874079388212,37.5658580915897,0.7497418324223791,0.0588466678957438,0.04111710510901987,1.303981742088586
127.033890494065,37.5152637038353,0.6936999570569009,0.27992793792050086,0.012718311958352302,1.6194832793638816
126.8162098049,37.587310749659,0.7283491281495218,0.0,0.09336991390660224,1.2325785630841861
126.958415098044,37.5686189406817,0.7161954110830897,1.0,0.007310533077202349,3.085258916240438
126.965295990453,37.5315487234106,0.7027509032566253,0.023537367326556858,1.0,2.6012010895380517
127.06960042434,37.5453474435849,0.7270028676489161,0.5126045196616188,0.0,2.1157133407966118
127.065905162746,37.5046300050051,0.7047897579012098,0.15113111986159705,0.0,1.3594468765750087
127.136864573909,37.5464320826466,0.9890685494771234,0.4782868660133563,0.0042870183957497,2.4466070838360223
127.107572235103,37.511676578345,0.7824318895679939,0.27157828936425615,0.0,1.7168044130805034
127.058385814231,37.5998112025827,0.6989209933692688,0.5908258255877374,0.0,2.230033141229378
126.961601430437,37.6450146762402,0.5004950332667634,0.0,0.017384582718063642,0.7768194239772405
127.07009162061,37.446930797314,0.6559188899491657,0.0,0.012600159170895636,1.002778573680092
126.911411545646,37.6130835417597,0.6458644457154361,0.32231182375449796,0.00519645524393695,1.6212149989480555
126.998927319215,37.5633066659822,0.7250556299760174,0.5136526631752416,0.08101033930215028,2.2364042802677346
127.059085394413,37.6418170483191,0.5344263495688912,0.5969368803399088,0.0,1.9955132850331543
126.995884294337,37.5964930334663,0.6898527982952457,0.16203199910477123,0.15626501843227703,1.5932407233008266
126.83223425121,37.5009598290777,0.7100344053775768,0.2364192961556482,0.0,1.5378902003776616
127.056758264998,37.5571661155063,0.723344362558896,0.3333636844108319,0.0,1.7517439126600078
126.852819609148,37.5512083063689,0.7371565636019721,0.5906959389220076,0.06005865807966183,2.377214710366466
126.934358993383,37.6370424059964,0.524041584679531,0.2014025613446921,0.09505179473187005,1.3314451918064858
127.01924322691,37.5553381528931,0.7271171060950924,0.5116036002235895,0.008789112320145799,2.1270665280700363
126.952235501965,37.6128955865433,0.6452656835625203,0.0,0.0,0.9678985253437805
126.981122764231,37.465817623218,0.6985319040080352,0.0,0.06160596647881033,1.1402068057302683
126.908754082214,37.5160517357223,0.7067635286785628,0.9825827976929504,0.0,3.0253108884037454
127.148141599701,37.4931402338726,0.9326457379068425,0.0640915363007636,0.0,1.527151679461791
127.12779836722,37.4973991579761,0.8703847007951825,0.2764884087853561,0.0,1.858553868763486
127.04840510251,37.6044068100588,0.6776053906219661,0.469065420985733,0.0,1.9545389279044152
126.991578122258,37.5629164417414,0.7207676823583037,0.491426788790483,0.12458193848785895,2.25087800885021
126.916936326825,37.6388566028247,0.5256099126547168,0.39027045044358283,0.06654065974712645,1.6687667594899303
127.059130795433,37.6472795072612,0.5247990270503821,0.5578924512109534,0.0,1.90298344299748
128.933517384623,35.2208870197577,0.27332919674537304,0.0,0.0,0.40999379511805956
129.192697231309,35.2581488267494,0.2650612363314453,0.0,0.0,0.39759185449716794
128.97414135259,35.116219769254,0.2873494682256884,0.0,0.01373500059973159,0.45162670323813
129.05540215019,35.2454055912985,0.3114168790885959,0.0,0.04955543625556164,0.5414584730162363
129.20269745325,35.3607636354923,0.12223518453656328,0.0,0.0,0.1833527768048449
128.816174226393,35.1470806227064,0.24686848100946068,0.0,0.03924191981217422,0.42916560123245234
129.287698404161,35.3382582121836,0.1284363433592965,0.0,0.0,0.19265451503894473
129.168549590449,35.200877441994,0.2520093053435316,0.0,0.0,0.3780139580152974
129.132217674441,35.333613458003,0.22539165312834253,0.0,0.005349131450699855,0.3461111768685636
129.111142187118,35.2530028833914,0.2934872869198487,0.0,0.10330691442570335,0.5951913020183281
128.98343486385,35.1886781453845,0.2713588663172654,0.014945702157717854,0.02122326986426471,0.46876460858773084
128.918913665009,35.1126581794376,0.2932359529126468,0.0,0.011342168667065071,0.4568671823695678
129.003576265516,35.1219454296037,0.3201367034554679,0.5063805151522858,0.16926042864902582,1.7468567284613121
128.866554535407,35.1255011733261,0.1906948826831482,0.0,0.0,0.2860423240247223
128.92377893117,35.1739527727586,0.2833342978878706,0.0,0.02836558628245491,0.46754982625548835
129.206136246322,35.3012100774128,0.29033069579508264,0.0,0.036135480960128474,0.4896992651328167
128.88260582376,35.207329086657,0.15162773762256596,0.037376689431126854,0.0,0.3021949852961026
128.974348118375,35.2192766343265,0.2467911909716187,0.03371618398736815,0.07234546795841794,0.5461373563697912
129.236877603425,35.2399652751309,0.26642238930275713,0.0,0.040250602863058246,0.4600094882487231
129.077694106134,35.2875327054014,0.3177498551283071,0.0,0.10952716693733396,0.6409155330984616
129.143681059537,35.2809345110427,0.3067495976205225,0.0,0.0,0.46012439643078373
129.114847184509,35.2281948172732,0.3087614950080061,0.0,0.06954281077525559,0.5674564586748925
128.972326367775,35.0781956752289,0.27796084939112414,0.0,0.029713170373518182,0.4615110296469635
128.967378712668,35.1367679100742,0.2980596524512064,0.0,0.02157171390980797,0.47944704954152156
129.182419856624,35.3496063100874,0.14306975105444347,0.0,0.0,0.2146046265816652
128.999949456076,35.1561281129108,0.34241093831237013,0.6769093654565328,0.0,1.8674351383816208
129.165853089052,35.242281251431,0.2667938998931889,0.0,0.0,0.40019084983978337
129.029439394914,35.1088119112551,0.3349829415231114,0.9845201696023943,0.8237936247137908,3.707205188560142
128.963082293361,35.1595978534036,0.3070827459604644,0.0,0.038470422374041593,0.5183297525017591
129.042927043573,35.2736060978003,0.34195469144874335,0.0,0.02426486743509348,0.5493293383257551
129.13647075884,35.2500954700286,0.27941927470274436,0.0,0.022047721180271894,0.4522004938245243
129.167353125915,35.1763460265891,0.266995183888081,0.3206297594719434,0.03007887324522582,1.086870604643847
129.051628811252,35.2227918080031,0.3155971390621212,0.08070756189440202,0.053635177757129754,0.7152635990176806
129.159791301785,35.3497130201937,0.17368391089099577,0.0,0.0,0.26052586633649366
129.134075691862,35.2218749191109,0.2868057987887708,0.0,0.0010512160947802748,0.43178552232532663
129.002231064329,35.1979196989362,0.2935604768154393,0.3576705080506156,0.018570874155356635,1.1835380425574251
129.280861247736,35.3563751556251,0.1044607379803623,0.0,0.0,0.15669110697054345
128.992723673152,35.2232645730781,0.29186264089879643,0.27944841883516836,0.04007778423226057,1.0568074753669223
128.969340247879,35.0959144119883,0.28398155482672516,0.0,0.032057311894880376,0.4740583000824083
129.146892120729,35.3318252462441,0.287857744480643,0.0,0.0,0.4317866167209645
128.973473364713,35.1977054122319,0.25160565340809476,0.011741870082885414,0.05920118995450386,0.4896940052096687
129.291144348937,35.3266126570361,0.23129345443865376,0.0,0.0015735362418090061,0.34930048602069413
129.053907178571,35.2517326409079,0.3078778436607277,0.0,0.055586003079915354,0.5451957701109645
128.922349157789,35.1111240554758,0.2932359529126468,0.0,0.02411890272960349,0.47603228346337545
128.692803788687,35.8649870217971,0.3319036875642591,0.01788923831346428,0.0,0.5336340079733172
128.493848569319,35.7607842252423,0.19434240693242627,0.0,0.0,0.29151361039863943
128.532211419067,35.9073516979232,0.22544962065672403,0.0,0.029325973944460244,0.3821633919017764
128.438533873227,35.6363170753877,0.07757087402213964,0.0,0.0,0.11635631103320945
128.668648526784,35.983946658143,0.17134772524107894,0.0,0.0,0.25702158786161844
128.396365098973,35.8822237177988,0.17432466415593434,0.0,0.0,0.2614869962339015
128.619111578516,35.7519257541772,0.17677749178369193,0.0,0.0,0.2651662376755379
128.506154834912,35.8134298867755,0.38925421522900283,0.17907714830518076,0.014129320396608998,0.9632296000487792
128.684652049143,35.8073195584762,0.2746229094458606,0.0,0.0,0.4119343641687909
128.591607368595,35.929672874841,0.21073699067278903,0.0,0.02901979055769543,0.3596351718457267
128.401690698429,35.7448084423853,0.09693669418066338,0.0,0.0,0.14540504127099507
128.634433721527,35.8823748104997,0.2892637633763606,0.2874912470503308,0.021056728401596225,1.040463231767597
128.468029706509,35.8891689237571,0.22908154551421817,0.0,0.0,0.3436223182713273
128.428500453339,35.6803329238686,0.09297129108672432,0.0,0.0,0.1394569366300865
128.37030094198,35.6718924540769,0.10068017118423794,0.0,0.0,0.15102025677635691
128.54987123077,35.9628410107927,0.15836389431699546,0.2020124595317795,0.0014431119265144654,0.6437354284288238
128.707666871087,35.9981922704395,0.15368567913625178,0.0,0.0,0.23052851870437768
128.431619405302,35.7996565414932,0.148530197971834,0.0,0.0,0.22279529695775102
128.613589644762,35.8333335184761,0.3522581604141539,0.0,0.0,0.5283872406212309
128.544719326645,35.7954143080719,0.22748984201539238,0.25383602201810085,0.0,0.8489068070592902
128.623172148301,35.9515019168431,0.17706893178004235,0.0,0.0,0.2656033976700635
128.459963083021,35.6640548847818,0.13761755154962754,0.0,0.0,0.20642632732444133
128.723654770571,35.8636790178982,0.3073950165645747,0.0,0.0,0.46109252484686203
128.653350716897,35.8559459515845,0.29411781339319476,0.0,0.0,0.44117672008979214
128.559484471392,35.9306651704712,0.21268781007914875,0.22245464216459218,0.07308269194526061,0.8735650373657984
128.408618628141,35.6259954672285,0.05456893460772667,0.0,0.0,0.08185340191159
128.407817642818,35.853393293944,0.1772781804190779,0.0,0.0,0.2659172706286168
128.611938739277,35.7689946010205,0.18024357295632887,0.0,0.0,0.2703653594344933
128.698044041093,35.8910526279829,0.3165685900072652,0.0,0.0,0.47485288501089784
128.589186909869,35.9023635889184,0.22488766552792677,0.0,0.1247640697503701,0.5244776029174453
128.64313564029,35.9811497567749,0.1596026085576284,0.0,0.0,0.23940391283644258
128.520594247801,35.783248921966,0.24850585160991379,0.0,0.0,0.3727587774148707
128.549028692415,35.9101000687142,0.2219575719164951,0.027291141980662077,0.06119175324661148,0.479306271705984
128.52039875975,35.8878715921776,0.3128766711142999,0.0,0.0049600526735567845,0.47675508568178504
128.520971493957,35.8267616597293,0.41317482214808243,0.21977471482573083,0.0,1.0593116628735852
128.698193866985,35.8452611710708,0.32580884967163043,0.2751315581020456,0.0,1.0389763907115368
128.502522338133,35.7946884789885,0.29379149862367177,0.018508530903676945,0.0036946018441367363,0.4832462125090666
128.652910708236,35.8832309338595,0.3027155289258909,0.28944270230270486,0.0,1.032958697994246
128.450036538711,35.6774492919379,0.11673816623541339,0.0,0.0,0.17510724935312008
128.69669831651,35.8163769992858,0.30419158013638486,0.027713545368547282,0.0,0.511714460941672
128.676315556495,35.8033956433674,0.24161129746598012,0.0,0.0,0.3624169461989702
128.549621964441,35.9028938660679,0.2219575719164951,0.0,0.08743148699652818,0.4640835883695349
128.666152550959,35.9894329327833,0.16850486569065057,0.0,0.0,0.25275729853597584
128.612415910114,35.7736297412388,0.1835419724493062,0.0,0.0,0.27531295867395933
128.53148815686,35.9059515361088,0.23839310995129973,0.0,0.029740124848497335,0.4021998521996956
128.395389786155,35.8825862247938,0.17432466415593434,0.0,0.0,0.2614869962339015
126.752611144247,37.58543940596,0.7324263190299006,0.0,0.0,1.098639478544851
126.686122712382,37.4425780542566,0.8106140995126203,0.2304728715128782,0.05343574605405189,1.7570205113757646
126.680850212202,37.5900495716589,0.8744624100843517,0.21792186997269783,0.0,1.747537355071923
126.635182696433,37.45510664923,0.8094752967843196,0.6776536727054981,0.0,2.5695202905874757
126.750926480007,37.4457977281645,0.7298416270570931,0.0,0.0,1.0947624405856398
126.700965508002,37.5317203778312,0.8841121655650637,0.14826701532116493,0.031053830657722336,1.6692830249765087
126.624666579624,37.5030085843326,0.8780804321606487,0.0,0.0,1.317120648240973
126.651542104479,37.4136967975251,0.515405176999842,0.17058573346383982,0.09617072406102174,1.2585353185189754
126.7183503591,37.4316953158744,0.589982617281977,0.061087716532061784,0.0017693349755938796,1.0098033614504798
126.753955469937,37.5351212186432,0.7438822107363781,0.2860980783189563,0.0016017056719910747,1.6904220312504663
126.628084881173,37.4213372113756,0.5293952393860984,0.0,0.023421257753355806,0.8292247457091814
126.723650224334,37.5104483842013,0.7940476396942029,0.3858634343305212,0.1274768003055524,2.1540135286606756
126.707630903203,37.3953321243204,0.4147677981048482,0.2654687432750589,0.01404052099889276,1.1741499652057295
126.780655977341,37.5702295177605,0.7458182790562472,0.1613113737778368,0.008483166001529152,1.454074915142338
126.670211596518,37.3771147107218,0.43513471276571275,0.0,0.0,0.6527020691485691
126.75034718729,37.4144108614584,0.41749712613017825,0.0,0.1001250014618542,0.7764331913880487
126.646397070157,37.5371056564914,0.8756475868353575,0.0,0.0,1.3134713802530362
126.6808237273,37.4740054721777,0.8676348720585956,0.5285474792412493,0.013847582413003792,2.379318640189898
126.617177910549,37.4379050720769,0.7276780244063088,0.04608889627371907,0.0,1.1836948291569012
126.718236605879,37.5958024778834,0.8594872296121133,0.0,0.0,1.28923084441817
126.685754946347,37.6212640346468,0.8262249434180369,0.08341238130549408,0.0,1.4061621777380435
126.703461675393,37.5702743717442,0.9023272595931074,0.0,0.0,1.3534908893896611
126.650567070377,37.5953938523415,0.8605885655232892,0.16608431144192776,0.0,1.6230514711687891
126.708831828374,37.4693155882291,0.8676348720585956,0.2526507094730051,0.030826627697500834,1.8529936685801547
126.680151902951,37.5154733743422,0.8804770359986834,0.009209696102570627,0.03583270726153373,1.392884007095467
126.670795492624,37.4009320159546,0.5674883885856563,0.32325404616965697,0.02092521942900898,1.5291285043613119
126.740024811356,37.4664631703805,0.7710026252221146,0.23727993345416024,0.0,1.6310638047414923
126.700605507109,37.4206768072238,0.5367597546625686,0.2796518213990873,0.011948053172115846,1.3823653545502013
126.614536536263,37.5189404804604,0.8724643683499934,0.0,0.0,1.30869655252499
126.765015933095,37.4313904337695,0.47018296437080065,0.07113868331172592,0.0,0.8475518131796528
126.616715035268,37.4124223647595,0.5158570880808582,0.0,0.0048397955129412,0.781045325390699
126.641469130697,37.5001873415471,0.8776285210796324,0.0,0.0,1.3164427816194486
126.704408674098,37.4387949618472,0.7892571654463009,0.21021435670381564,0.029261985838759635,1.648207440335222
126.728926720385,37.4445727568383,0.7287139936818221,0.09955322563681417,0.0,1.2921774417963614
126.666889721482,37.4163156821097,0.5126666118724285,0.39077745085912274,0.07774472916729987,1.667171913277838
126.736485110663,37.5192288643403,0.7937809419355762,0.4792057696569831,0.12215419149490492,2.332314239459688
126.694865965964,37.591909183505,0.8685651801970103,0.07653704004566282,0.0,1.4559218503868412
126.658534699728,37.3942967053158,0.3968657758581362,0.14857798432079877,0.02687761645702539,0.9327710571143399
126.670117653598,37.5814127664021,0.8921803972104706,0.20618479100579376,0.0,1.7506401778272935
126.67625268004,37.4333917458047,0.6188690148762586,0.140034747858661,0.06154288461623745,1.300687344956066
126.71235703359,37.5038519994395,0.870806968319002,0.369903579531171,0.07718459107036946,2.1617944981463992
126.737520800203,37.4165681571286,0.4173056919023039,0.01672743487121297,0.09319372193760966,0.7992039905022963
126.608711827732,37.4425958383469,0.8013789768080872,0.04035922638335082,0.0,1.2827869179788323
126.751070530556,37.4228950392245,0.4289027321839865,0.0,0.02813244611891899,0.6855527674543582
126.723751485167,37.5180783829874,0.7940476396942029,0.48219493704260896,0.11202389698563238,2.323497179104971
126.617407361418,37.4313613823883,0.5880242573841206,0.0,0.0,0.8820363860761808
126.713680210543,37.4293314966764,0.589982617281977,0.08703009236308269,0.007651661795217537,1.070511603341957
126.705877110583,37.4000190887664,0.4164807150044847,0.33169447225077753,0.006462959485872418,1.2978044562370905
126.783886374659,37.5718601069267,0.7478286212173595,0.17266614978313644,0.0153156995177953,1.490048780669005
126.751551093067,37.5815633966319,0.799207503769303,0.0,0.0,1.1988112556539545
126.749033256493,37.44706300171,0.7298416270570931,0.0,0.0,1.0947624405856398
126.618973327891,37.4123736974088,0.5158570880808582,0.0,0.007312550445719132,0.784754457789866
126.872363911253,35.2353700560742,0.10532827152706639,0.06604650766538275,0.001173363426227437,0.29184546776070625
126.728443767415,35.1736050423302,0.10776385028052513,0.0,0.0,0.16164577542078767
126.907072140327,35.1202886599107,0.06355804877717734,0.6076098898661817,0.0,1.3105568528981295
126.808692059363,35.0531761341233,0.028844547866474484,0.0,0.0,0.043266821799711724
126.983592031164,35.1336186923471,0.09356072188141294,0.0,0.0,0.1403410828221194
126.942465729612,35.1784392851974,0.07578184528645761,0.16897964551794542,0.0,0.45163205896557723
126.769227999831,35.1131341673841,0.06307300666164721,0.0,0.0,0.09460950999247081
126.859158775782,35.1781434060153,0.06450216544064558,0.31151715929258905,0.038293726573192084,0.7772281566059346
126.693761320501,35.214245270765,0.07930094553993122,0.0,0.0,0.11895141830989683
126.673915444455,35.1056532209036,0.04859219966316624,0.0,0.056636622198593604,0.15784323279263976
126.783839258634,35.1535294844624,0.06499300430901386,0.1231606546870015,0.13566113452765133,0.5473025176290008
126.908086249408,35.2212929236072,0.12149536806458582,0.07263363238856786,0.0,0.32751031687401444
126.734683133259,35.2325089148387,0.14688863297298582,0.0,0.04002668852743264,0.2803729822506277
126.677822951545,35.1678375518565,0.06270856528199364,0.0,0.0,0.09406284792299047
126.832571925398,35.1353421873465,0.11317980829808466,0.18493968408962347,0.015234950217732298,0.5625015059529724
126.787953985028,35.2140553426523,0.07598529717265501,0.0,0.0,0.11397794575898251
126.951578110755,35.1205468011921,0.10033156483672763,0.0,0.0,0.15049734725509145
126.899073105788,35.1778628210611,0.06414625424199774,0.5198371583415468,0.0,1.13589369804609
126.741101636091,35.1185859285079,0.11946796554146195,0.0,0.0,0.17920194831219294
126.838185675577,35.0697092299619,0.04354445327100866,0.0,0.0,0.06531667990651299
126.885496031449,35.1478952328333,0.09566390634407941,0.8576346356620254,0.0,1.8587651308401698
126.766365332602,35.0746282164893,0.05644769519222032,0.0,0.01863512462839533,0.11262422973092348
126.752888222002,35.1617431813562,0.09081532318358043,0.0,0.00917494058680342,0.14998539565557578
126.957251960416,35.2136989345133,0.0722243356544223,0.0,0.0,0.10833650348163344
127.009846538935,35.1396627155621,0.09412074475926416,0.0,0.0,0.14118111713889625
126.811415195528,35.1142916399804,0.05406570105646056,0.0,0.02966118274248948,0.12559032569842507
126.902070120387,35.251577873683,0.06031794670908444,0.0,0.0,0.09047692006362666
126.711622334825,35.1956244544207,0.07843261081600558,0.0,0.0,0.11764891622400837
126.972402555246,35.1000284862605,0.048188736240016856,0.0,0.0,0.07228310436002529
126.928467840444,35.2015113062607,0.06754296289286432,0.054811374470458876,0.0,0.21093719328021424
126.940889277105,35.145161381423,0.10970524407251389,0.259351612416142,0.0,0.6832610909410548
126.706424169649,35.1679250149985,0.06786612008157304,0.0,0.0,0.10179918012235956
126.744206008647,35.1421378625329,0.17298985577678938,0.0,0.0064787519520546144,0.269202911593266
126.856914198339,35.2204273225694,0.11924438996858254,0.5192089724647939,0.059028716430262,1.3058276045278547
126.734064663718,35.1588473891797,0.11320652991482638,0.0,0.0,0.16980979487223957
126.79329216198,35.1263482665978,0.09694329211072307,0.0,0.054239500563995326,0.2267741890120776
126.969834099618,35.1401776648324,0.1076825543565755,0.0,0.0,0.16152383153486327
126.774873944399,35.0929153917772,0.03997355926656655,0.0,0.02807592843937811,0.10207423155891698
126.819831017777,35.0793573529071,0.03969512661804809,0.0,0.00010419766425089029,0.05969898642344847
126.875037964266,35.1895259010514,0.06537464743489445,0.4980972556003901,0.019462431767124474,1.1234501300038084
126.890503153445,35.2255917106364,0.1117002224822016,0.1499250715567335,0.0,0.46740047683676944
126.845813225753,35.1811033686631,0.06326745708612033,0.527025713810019,0.08481795564649852,1.2761795467189663
126.952397813869,35.1760809489901,0.10578786448379492,0.060634985111521655,0.0,0.2799517669487357
126.91695195291,35.1876714887944,0.06792927169785853,0.36812494004119384,0.0,0.8381437876291755
126.678464240658,35.1838090292745,0.06930970005055899,0.0,0.0,0.10396455007583849
126.930309368655,35.1666533261735,0.06458049229606835,0.24056547512609408,0.0,0.5780016886962906
126.725673166835,35.2214923046645,0.13693721070433093,0.0,0.01246466605127859,0.22410281513341426
126.921631128466,35.124626421707,0.07111395115345014,0.5658273313607622,0.0,1.2383255894516996
126.688779951989,35.2009281530498,0.06847897352797352,0.0,0.0,0.10271846029196029
126.761713747356,35.1480661826044,0.11881462908133814,0.0,0.0443866585730688,0.24480193148161042
126.887024282865,35.1757557493019,0.06099597827886019,0.5407758064293139,0.0,1.173045580276918
126.963902944796,35.1195996113216,0.07058837889612482,0.0,0.0,0.10588256834418723
126.778345562095,35.1107245639788,0.05168125626096434,0.0,0.0,0.07752188439144651
126.744487580574,35.1724359069098,0.1261525169972104,0.0,0.0,0.18922877549581557
126.798714750584,35.0598491710351,0.02933321884353744,0.0,0.005600947349354043,0.05240124928933722
126.738567576865,35.1100158237899,0.10759762957109308,0.0,0.0,0.1613964443566396
126.743610022623,35.2270530031094,0.15402090111135533,0.0,0.040756825335818314,0.2921665896707605
126.916823855953,35.2262250460205,0.11448044882513486,0.0,0.0,0.1717206732377023
126.955143829415,35.1685025355646,0.0783913737531326,0.005957829355094035,0.0,0.12950271933988697
126.700856268373,35.2097794611855,0.07242156663513484,0.0,0.0,0.10863234995270227
126.834818788127,35.062522876481,0.028014386880751276,0.0,0.0,0.04202158032112691
126.848547586975,35.1877255215311,0.06825563359545338,0.6088222670410539,0.11440745553584908,1.4916391677790615
126.727299467967,35.1604520963622,0.10335709279366538,0.0,0.0,0.15503563919049806
126.881258849475,35.1450925211928,0.09560466635775786,0.8117752935247321,0.0,1.766957586586101
126.849475910835,35.1784316551297,0.064434819425965,0.3984175410281106,0.055173415540059105,0.9762474345052573
126.971779935808,35.136420334137,0.10149944558536268,0.0,0.0,0.15224916837804403
126.749921556788,35.1642430387477,0.09181014965236449,0.0,0.0013401120208050275,0.13972539250975427
126.870360074029,35.2363058257979,0.10532827152706639,0.05346007657805244,0.003209204211806347,0.26972636676441397
127.462992003718,36.4437690254414,0.22019196583252493,0.07373119666238721,0.0,0.4777503420735618
127.318392477953,36.3534318984938,0.18510035640133057,0.0665591641041073,0.0258176138264522,0.4494952835498887
127.401583947669,36.251977110422,0.11528695151878694,0.0,0.0,0.17293042727818042
127.460331320075,36.3708199606031,0.20288945978787845,0.0,0.02411959121254407,0.3405135765006338
127.325432865619,36.2874754358232,0.12131665841611221,0.05423267794716697,0.0,0.29044034351850223
127.373347500107,36.4329806035944,0.25286967542331373,0.0,0.0,0.3793045131349706
127.398385303709,36.2846685349595,0.1277163678055699,0.0,0.19347796827678854,0.48179150412353766
127.541627646218,36.4093717274608,0.19724450646917618,0.0,0.0,0.2958667597037643
127.321418339144,36.4215793372463,0.21397746976545678,0.0,0.0,0.32096620464818515
127.269951786907,36.2969634234424,0.16037310540438335,0.0,0.004386762322556657,0.24713980159041002
127.40879863645,36.3393904052831,0.2610853708055545,0.37922640705253335,0.018706372103034403,1.17814042846795
127.491766297998,36.329544015003,0.16231930625970128,0.0,0.0,0.24347895938955194
127.346333200279,36.2456405176252,0.11565323089324285,0.0,0.0,0.17347984633986427
127.449904501062,36.3251965318245,0.21563081678226867,0.0011866627400169978,0.02052244681440511,0.35660322087504465
127.298355155408,36.3501562700013,0.20918265973494418,0.0,0.0,0.31377398960241626
127.489504183152,36.3989934882027,0.17900254944017505,0.0,0.0,0.2685038241602626
127.352420659627,36.3111041558994,0.1965800477840946,0.4053686155635838,0.0,1.1056073028033095
127.43346007165,36.2989078428347,0.1436138917720796,0.0,0.05852594837929383,0.30320976022706014
127.32782301982,36.3132082159206,0.1832300788697708,0.198048116344559,0.0,0.6709413509937742
127.325982875093,36.3970921248742,0.20124346475027588,0.06251787480551477,0.0,0.42690094673644335
127.328716829331,36.2576072567776,0.1133155842730985,0.0,0.0,0.16997337640964774
127.291670536187,36.2803042998255,0.16084683678266834,0.0,0.013465571540292104,0.2614686124844407
127.40125777826,36.3753897167241,0.20453828250979225,0.0,0.0940330293441891,0.44785696778097206
127.293829241161,36.3822990817543,0.2373823541942287,0.041631367070756486,0.0,0.43933626543285603
127.365921237572,36.2899691200035,0.12496267456709095,0.1134841246691542,0.04037432524586735,0.4749737490577458
127.388231920377,36.3023216815362,0.11607955143124184,0.11836976508215538,0.0902334933627276,0.5462090973552649
127.433452546218,36.25407981222,0.13873623059124618,0.0,0.0,0.20810434588686927
127.275529825382,36.3368610643213,0.20785911496497253,0.0,0.0,0.3117886724474588
127.349776834864,36.4033979783392,0.19903240413113366,0.0,0.0,0.2985486061967005
127.303638036122,36.3113679528977,0.20263600501744303,0.0,0.0,0.3039540075261645
127.476284290162,36.4642508260512,0.16505410114136648,0.0,0.03907199652441526,0.3061891464986726
127.352409693981,36.2687062560899,0.11302376725217325,0.0,0.0,0.1695356508782599
127.447832326267,36.429073923116,0.2909452929801417,0.0895855583721931,0.0,0.6155890562145988
127.378119157405,36.4490799360667,0.20912869809267037,0.0,0.0,0.3136930471390056
127.414623996542,36.2782889510871,0.21780737965281313,0.0,0.07051251073259049,0.43247983557810543
127.403234818354,36.3089971463686,0.22586896624008848,0.0,0.07847897594349716,0.4565219132753785
127.500058728911,36.3851706092137,0.1772383100702887,0.0,0.0,0.26585746510543307
127.336159883967,36.2719172452512,0.11142749233037758,0.0,0.0,0.16714123849556636
127.307200283702,36.3368832911925,0.18975618574794323,0.0,0.0,0.2846342786219148
127.407143512079,36.3548608929752,0.24570559583644222,0.23224168559403316,0.034598895300787344,0.8849401078939106
127.412710847412,36.2625295347159,0.17658143900477574,0.0,0.0,0.2648721585071636
127.336818662796,36.2354938630631,0.11160125353130641,0.0,0.016044682335223093,0.19146890379979425
127.333260184013,36.4146012519003,0.206480006198284,0.0,0.0,0.309720009297426
127.309941058969,36.4174350020544,0.2189103179184322,0.0,0.0,0.32836547687764833
127.317398148449,36.3656521998692,0.20003990805124666,0.21970069158868424,0.016646377201799185,0.7644308110569372
127.316530472785,36.2569627894658,0.11968494318428169,0.0,0.0,0.17952741477642253
127.443361288175,36.3059139902093,0.1574779336941961,0.0,0.043832777603925344,0.3019660669471822
127.326857461402,36.2980018148178,0.1199857616669312,0.16949981845423964,0.0,0.5189782794088761
127.32613773274,36.3234910557561,0.17886135373689793,0.08996159602383137,0.0,0.4482152226530096
127.260997289183,36.2929298911869,0.15688873853986676,0.0,0.02998440444552602,0.28030971447808917
127.316527005878,36.3948627285675,0.2111741977953865,0.08832029674184033,0.0,0.4934018901767604
127.499855688694,36.3244177303569,0.16058890484540672,0.0,0.0,0.24088335726811008
127.47104043388,36.4394163386324,0.22797936129774873,0.0,0.0,0.3419690419466231
127.426192062062,36.2956244079377,0.1577453855019724,0.0,0.07199558370109788,0.34461145380460545
127.393095193893,36.2794046483816,0.11196380978808579,0.0,0.1695300595204742,0.42224080396284003
127.537286719941,36.4133316516256,0.1748179065559672,0.0,0.0,0.26222685983395083
127.394616750896,36.283518747453,0.11162293244435965,0.0,0.19575272975965574,0.4610634933060231
127.317123983132,36.3506112950894,0.18510035640133057,0.028125866620550867,0.022498162584211147,0.3676495117194143
129.20101226208,35.4518862972858,0.11859925379296148,0.0,0.0,0.1778988806894422
129.28178939739,35.6259683004526,0.10707893801225857,0.0,0.0,0.16061840701838787
129.165092892436,35.6130298269116,0.09035290254254062,0.0,0.043271229682591714,0.2004361983376985
129.438927918584,35.5436871156287,0.12876237536038834,0.012881539914837207,0.0,0.2189066428702569
129.022412434181,35.5379098929154,0.1390325247789976,0.0,0.0,0.2085487871684964
129.303559789372,35.4176918419455,0.10748056344060562,0.0,0.001731565689794223,0.16381819369559977
129.3691567883,35.6054998429783,0.08812558273860847,0.023620388826047525,0.0,0.17942915176000776
129.149077153896,35.4829976219654,0.1820480596995793,0.0,0.0,0.27307208954936896
129.270777863075,35.5246347050892,0.14580756213270737,0.006164166495294946,0.0,0.23103967618965093
129.212950931937,35.6298344046888,0.0855214740001968,0.0,0.0,0.1282822110002952
129.130316010172,35.6557921877726,0.11289600304937476,0.0,0.0,0.16934400457406215
129.144885311201,35.5641175184662,0.2081072442632883,0.05732837142589029,0.0,0.426817609246713
129.022866680379,35.6186695907721,0.04828827072777431,0.0,0.0,0.07243240609166146
129.224882599832,35.7011667518227,0.09097065730841401,0.0,0.0,0.136455985962621
129.302160071381,35.360802165717,0.10465089975029662,0.0,0.0,0.15697634962544493
129.441299873638,35.6013007550854,0.0725658727911544,0.0,0.0,0.1088488091867316
129.245285470354,35.4017997357191,0.12124106498885703,0.0,0.03381425813675388,0.23258298468841637
129.094172884359,35.5150696693814,0.30123457639592405,0.0,0.02122217187305989,0.4836851224034759
129.410781976755,35.5366307083528,0.1249708748515937,0.08214731815104306,0.0,0.35175094857947664
129.337722913376,35.6505052768627,0.10430262329928927,0.050147153338486954,0.0,0.2567482416259078
129.189212464559,35.6553414615322,0.08674911314394382,0.0,0.0,0.1301236697159157
129.221194853097,35.5360865431268,0.1554481747674795,0.0,0.0,0.23317226215121922
129.289989152295,35.4493008953982,0.11353058253690033,0.0,0.023423207811243407,0.2054306855222156
129.188522541497,35.5002278139784,0.12645404240093772,0.0,0.0,0.18968106360140657
129.344074535903,35.5752664272806,0.11551212944610942,0.4525290518916307,0.0,1.0783262979524255
129.111607155404,35.578555940093,0.14346840741426367,0.08916716305090004,0.0,0.3935369372231956
129.341774322342,35.3987007913993,0.102151650971762,0.0,0.026409760558978056,0.1928421172961101
129.112590777771,35.6954685897979,0.11231001260393154,0.0,0.0,0.16846501890589732
129.041643070041,35.5686168464595,0.17809962271150795,0.0,0.005269375905995596,0.27505349792625533
129.403349135691,35.4964085423468,0.10641457358332072,0.0,0.0,0.15962186037498108
129.122703268929,35.6250871059134,0.10711155063798213,0.0,0.0,0.1606673259569732
129.265968834107,35.5973885398319,0.11373073545806789,0.0,0.0,0.17059610318710183
129.381322321417,35.5732000246445,0.11938205106647055,0.05264063689617588,0.0,0.2843543503920576
129.054399401685,35.5360529741114,0.2240704176338918,0.0,0.008502806779334664,0.3488598366198397
129.126486815731,35.5296581027102,0.23378907435565557,0.0,0.0,0.3506836115334834
129.225272969032,35.4300698519463,0.11748410935673197,0.0,0.020008382763641242,0.20623873818055982
129.197838139748,35.6041199368454,0.08538164501100345,0.0,0.014079643492649141,0.1491919327554789
129.439355693667,35.5732428443523,0.11271856585884124,0.0,0.0,0.16907784878826188
129.169254477186,35.581251965166,0.10874731888399217,0.0,0.0,0.16312097832598826
129.276007546323,35.4314994578106,0.11172326810933864,0.0,0.05041437626424304,0.2432064665603725
129.278824132728,35.367214771506,0.11218790376975561,0.0,0.0,0.1682818556546334
129.12904412324,35.6042414139756,0.11150058796982447,0.0,0.0,0.1672508819547367
129.135467296664,35.5828332496016,0.12717491338802953,0.0,0.0,0.19076237008204427
129.276950417809,35.543804649462,0.15476076471140462,0.31920532982671923,0.0,0.8705518067205453
129.187793621252,35.4802990574821,0.12282692460677279,0.0,0.0,0.18424038691015918
129.174813947894,35.6422403783863,0.08934021453452358,0.0,0.0,0.13401032180178538
129.183824901267,35.4417276251895,0.12914811862852033,0.0,0.0,0.1937221779427805
129.293456056085,35.4638018005552,0.11558404688375992,0.0,0.0,0.1733760703256399
129.341283446537,35.5900451277073,0.10275154419840239,0.23714359894217385,0.0,0.6284145141819513
129.287664602883,35.429022859933,0.11172326810933864,0.0,0.04047543547609703,0.2282980553781535
129.199036730847,35.6483138842911,0.0853194830842269,0.0,0.0,0.12797922462634037
129.301319217258,35.4290687041524,0.10913574845221986,0.0,0.018491721144450055,0.1914412043950049
129.142214917139,35.4738251384713,0.1838874212160023,0.0,0.0,0.27583113182400343
129.373515356343,35.6136749040263,0.08164052441102163,0.014234196538232591,0.0,0.15092917969299763
129.186341065305,35.647039307586,0.08814886400610478,0.0,0.0,0.13222329600915717
127.265001670597,36.6356598223495,0.27033783664053,0.0,0.0,0.405506754960795
127.317447674181,36.5178941795906,0.10356379651682077,0.0,0.0,0.15534569477523114
127.255210394183,36.4731652405021,0.17349016738760048,0.2576879471771751,0.0,0.7756111454357508
127.2294797091,36.6933206536235,0.19641443973959666,0.0,0.0,0.294621659609395
127.17929494081,36.5962350164933,0.220745532164532,0.0,0.0,0.331118298246798
127.194790656278,36.5095945668693,0.1910020634554981,0.0,0.0,0.2865030951832472
127.317820100784,36.4442280882841,0.20543550674176494,0.0,0.0,0.30815326011264743
127.323149915624,36.5768332180898,0.06038298344824414,0.0,0.0,0.0905744751723662
127.2442282661,36.430518364273,0.2593982329612226,0.0,0.0,0.38909734944183394
127.40199723725,36.5402490730913,0.09973445216632665,0.0,0.0,0.14960167824948997
127.275546283807,36.5848157969576,0.11557989961343669,0.0,0.0,0.17336984942015504
127.374445038712,36.5041604361469,0.1652353085776484,0.0,0.0,0.2478529628664726
127.179849325991,36.6479181151754,0.34233525062897124,0.0,0.0,0.5135028759434569
127.210985678471,36.7132646456905,0.2376533406073941,0.0,0.0,0.35648001091109116
127.237262703587,36.5612212577256,0.10713921481616093,0.0,0.0,0.16070882222424138
127.292539112613,36.4876520923278,0.18391225770986977,0.0,0.0,0.27586838656480467
127.344299274726,36.5308273099,0.08034605766138443,0.0,0.0,0.12051908649207665
127.29257357076,36.427997339536,0.26261962518478915,0.0,0.0,0.3939294377771837
127.207074863738,36.6103902314974,0.2241786708149424,0.0,0.0,0.3362680062224136
127.208010345102,36.440003681227,0.2306458204752244,0.0,0.0,0.34596873071283657
127.269048414478,36.6897894455182,0.20140926130706124,0.0,0.0,0.30211389196059185
127.31243182231,36.5477626256054,0.07958715432030573,0.0,0.0,0.11938073148045861
127.241103275047,36.6573105374186,0.2211320766098855,0.0,0.0,0.33169811491482826
127.174946338882,36.7224153242112,0.2836305449475502,0.0,0.0,0.42544581742132526
127.197459048144,36.4741257153758,0.19128011907944173,0.0,0.0,0.2869201786191626
127.205532907356,36.6680115522699,0.23676441091606792,0.0,0.0,0.3551466163741019
127.321014853607,36.4811248710204,0.15497835501915852,0.0,0.0,0.23246753252873778
127.208163529669,36.6344909270322,0.3121175792609338,0.0,0.0,0.4681763688914007
127.300725187006,36.6000187998758,0.17210879647346292,0.0,0.0,0.2581631947101944
127.214678736221,36.5093754595274,0.1611864416684544,0.0,0.0,0.24177966250268157
127.327611679704,36.4617247548753,0.16787933479292114,0.0,0.0,0.2518190021893817
127.280428899731,36.6199087097465,0.2057491911880308,0.0,0.0,0.3086237867820462
127.174543399844,36.5160064825556,0.18075566658510367,0.0,0.0,0.2711334998776555
127.260737376476,36.5966985891497,0.15900879485225727,0.0,0.0,0.2385131922783859
127.275785463649,36.4371554865406,0.2299645841965625,0.0,0.0,0.3449468762948437
127.319455735351,36.5004929118799,0.14743046441510102,0.0,0.0,0.22114569662265154
127.225971108169,36.4378634622439,0.20212490107817718,0.0,0.0,0.3031873516172658
127.360691852977,36.5166854477397,0.11358916273021591,0.0,0.0,0.17038374409532386
127.193809691516,36.6043845309008,0.23552767605445288,0.0,0.0,0.3532915140816793
127.286217504916,36.4182496743552,0.2437752300132675,0.0,0.0,0.36566284501990126
127.268094851296,36.6250275918934,0.22378661238518185,0.0,0.0,0.3356799185777728
127.235269286716,36.4292869840095,0.24823543073361062,0.0,0.0,0.3723531461004159
127.208978916999,36.5051076092821,0.18051069486760218,0.0,0.0,0.2707660423014033
127.248444122434,36.4670238847318,0.17922744459906642,0.1519510407184587,0.0,0.572743248335517
127.337886548863,36.5334152851895,0.0600246687179317,0.0,0.0,0.09003700307689755
127.317538604912,36.578206514499,0.07833345335282299,0.0,0.0,0.11750018002923449
127.265457579577,36.6408918668689,0.29738765327462807,0.0,0.0,0.44608147991194214
127.237674966387,36.432679260431,0.28652929839119845,0.0,0.0,0.4297939475867977
127.280466519897,37.7600121383572,0.12565069728809994,0.0,0.05056642651024516,0.26432568569751763
127.291266102808,37.280672519901,0.16969183330838686,0.0,0.0,0.2545377499625803
126.847895468016,37.9539107531378,0.05723690188350166,0.0,0.0,0.08585535282525249
127.041865009962,37.202599643766,0.17802341661931864,0.0,0.0,0.26703512492897796
127.744473194136,37.2937476411,0.039858849539671844,0.0,0.0,0.05978827430950777
126.953442546499,37.7126447233034,0.23894823150967803,0.0,0.014718580717653272,0.38050021834099695
127.347249063598,37.5192155070669,0.12512790558701406,0.0,0.0032792892055853954,0.1926107921888992
127.038350761366,38.0297690328328,0.07464488055295931,0.0,0.010162273453830042,0.12721073101018404
127.21425504268,37.0361545799721,0.5067761212993624,0.0,0.0,0.7601641819490437
126.95304966321,37.430246176234,0.4662756230613867,0.0,0.0,0.69941343459208
126.840882841722,36.9855832540024,0.1773420389564412,0.0,0.0,0.26601305843466183
127.493311924069,37.1017164221162,0.10140669753995234,0.0,0.0,0.1521100463099285
127.579618555536,37.3415188622448,0.20764727428198496,0.0,0.0,0.31147091142297745
127.492140289559,37.69514149212,0.22622379349308366,0.0,0.0,0.3393356902396255
127.378328730128,37.8785776334599,0.12796642935483177,0.0,0.0,0.19194964403224765
126.759699475274,37.6883716520024,0.44121220752789886,0.1296428631407448,0.0,0.9211040375733379
127.095197548703,37.2773324365714,0.4640219586652877,0.20484073917959145,0.0,1.1057144163571144
127.19192799671,37.8968136030949,0.23497085788548783,0.2657434616483219,0.0,0.8839432101248755
127.155005327774,38.1529017788577,0.21309904963415421,0.0,0.0,0.3196485744512313
126.704267132448,37.8665244135606,0.07062905042213556,0.0,0.0,0.10594357563320334
127.404096806956,37.2416335696301,0.25292896253770714,0.0,0.0,0.3793934438065607
127.21397869718,37.6446860709183,0.4972295762960125,0.0,0.0,0.7458443644440187
126.907116278775,37.0925633049973,0.4368733615925819,0.0,0.0,0.6553100423888728
127.117919736503,37.784064866831,0.18080882705015594,0.0,0.0,0.2712132405752339
127.324606492738,37.7376506990208,0.11139106233083378,0.0,0.0,0.16708659349625066
126.872287376105,37.374942326108,0.5128058281966876,0.0,0.0,0.7692087422950314
127.075745539589,37.3697893160487,0.4960668796352815,0.0,0.0,0.7441003194529223
127.039699673131,38.2124024232097,0.04788706945207395,0.0,0.0,0.07183060417811094
127.400738011841,37.3685167908796,0.2191979405409624,0.0,0.0,0.3287969108114436
127.659151828713,37.1817267983914,0.16549861311510145,0.0,0.0,0.24824791967265217
126.994042741778,37.0085597131573,0.43707568240505484,0.0,0.0,0.6556135236075823
127.000886407212,37.750319996124,0.11548823551367901,0.0,0.0,0.1732323532705185
126.799401829304,37.4540297477631,0.6870035764551169,0.1701883455553981,0.0,1.3708820557934716
127.273505912179,37.4946609903037,0.17092569335761873,0.0,0.007134900542780691,0.2670908908505991
126.795659153441,37.1119402884937,0.304877293581873,0.0,0.0,0.4573159403728095
127.592747872747,37.4528535264389,0.18411175083803138,0.0,0.0,0.27616762625704705
127.131919716183,36.9883981021842,0.3692497154407021,0.20073754365022142,0.0,0.9553496604614959
126.771695090218,37.7903108983434,0.10510069006807933,0.0,0.0,0.157651035102119
127.267319546542,37.114855210625,0.1481319657646605,0.0,0.0,0.22219794864699077
126.717775097504,37.958890963685,0.05686562693342915,0.0,0.0,0.08529844040014373
127.524850712367,37.7779868689187,0.1927017373669433,0.0,0.0,0.28905260605041494
126.789915075707,37.8906153786331,0.04084627690117469,0.0,0.0,0.06126941535176204
127.499383335041,37.3102047656326,0.24393852878224453,0.0,0.0,0.3659077931733668
126.94837129658,37.813722858198,0.034283975663817745,0.0,0.0,0.05142596349572662
127.227384921253,37.5646498322925,0.20101168889289373,0.0,0.04350453715684234,0.3667743390746041
127.419859159525,37.8221269300058,0.20153678986950047,0.0,0.0,0.3023051848042507
127.336761291441,37.5923889745143,0.11200778027912638,0.0,0.0,0.16801167041868956
127.219084485555,37.7348374920985,0.16775967661848168,0.0,0.0,0.2516395149277225
127.351541512091,37.7920310035201,0.10702888799994872,0.0,0.0,0.1605433319999231
127.178649814582,37.691535655992,0.5386684415726901,0.12572411919101747,0.0,1.0594509007410702
127.322035020032,37.8908837737823,0.08062821342757942,0.0,0.0,0.12094232014136913
127.36680817785,37.707978829712,0.14328441942174233,0.0,0.0,0.2149266291326135
127.616305824443,37.3095094663435,0.18255030356133645,0.23083200872289666,0.0,0.735489472787798
127.431360804331,37.2104425637938,0.33922324266017984,0.0,0.0,0.5088348639902698
127.208679401623,37.8544608959849,0.2713890282832525,0.0,0.0,0.40708354242487876
127.020714210998,37.1726729741691,0.13598319714577317,0.0,0.0,0.20397479571865976
127.212041847941,37.0000913681205,0.4899329254430133,0.0,0.022026031010013675,0.7679384346795405
127.049712752122,37.3453389665423,0.46853616815597654,0.0,0.0,0.7028042522339648
127.297829891084,37.4697976742096,0.16663868830134218,0.0,0.03389199704384509,0.3007960280177809
127.276251929574,37.7869519777684,0.12738406777092137,0.0,0.0,0.19107610165638206
127.357719444659,37.4902076200236,0.1684234283824854,0.0,0.0,0.2526351425737281
127.519248425334,37.1057804142737,0.09746278484677909,0.0,0.0,0.14619417727016865
127.025409808706,37.7488052723004,0.16327496930077398,0.27939023089367443,0.0,0.8036929157385098
127.020728729579,37.1962481180772,0.1556380537689827,0.0,0.0,0.23345708065347406
126.96299310826,37.6943850253676,0.40743170105570653,0.0,0.0,0.6111475515835598
126.938483288742,37.7234648390345,0.1997067125832329,0.0,0.032267367305989565,0.34796111983383365
127.070470094079,37.3529807538289,0.4780056587618437,0.0,0.0,0.7170084881427655
127.281169981336,37.2922230057384,0.19778991964475234,0.0,0.0,0.2966848794671285
128.366289981017,37.4572104588474,0.019298945424561717,0.0,0.0,0.028948418136842576
128.0189905648,38.1274398827156,0.026052680889793078,0.0,0.0,0.039079021334689615
128.561617773415,37.9349813732169,0.021390583509623737,0.0,0.0,0.032085875264435605
128.956492053722,37.3465576793314,0.0666451731240294,0.0,0.0,0.0999677596860441
127.397697263848,38.2155522777617,0.11405648469072861,0.0,0.0,0.17108472703609293
128.243862956095,38.2233863809766,0.049106743951677516,0.0,0.0,0.07366011592751627
127.588247240152,37.989784075671,0.15431549868852001,0.0,0.0,0.23147324803278002
128.497831758903,37.6544426896899,0.02242697693778378,0.0,0.0,0.03364046540667567
127.627745778414,38.0647127663641,0.1346238350411918,0.0,0.0,0.2019357525617877
128.342809284754,37.7883213117839,0.02490822279286986,0.0,0.0,0.03736233418930479
128.593474837043,37.4500632412576,0.026798812523399086,0.0,0.0,0.04019821878509863
128.241931758574,37.6758934526515,0.024179905570424987,0.0,0.0,0.03626985835563748
127.979911387632,37.2919924157502,0.08703103326977954,0.0,0.0,0.1305465499046693
128.843430824672,37.7519492698477,0.11923482296999599,0.0,0.0,0.17885223445499399
128.397942923087,38.3696101023563,0.07482514542780412,0.0,0.0,0.11223771814170619
127.816539470143,38.2532060102586,0.040727608416244176,0.0,0.0,0.061091412624366265
128.321545260855,37.891651625132,0.02454307449213847,0.0,0.0,0.03681461173820771
128.408542396904,37.2958494555091,0.02580073421765704,0.0,0.0,0.03870110132648556
128.010533387797,37.6573266503372,0.05118085039400953,0.0,0.0,0.07677127559101429
128.631581104579,37.6431852254023,0.027041663477667136,0.0,0.0,0.0405624952165007
128.163433638147,37.4151656325913,0.031779071516660526,0.0,0.0,0.04766860727499079
129.344193914436,37.2405790991953,0.06972635933382773,0.0,0.0,0.1045895390007416
128.63141149191,38.0736026824995,0.01996043504111641,0.0,0.0,0.029940652561674615
128.831370258757,37.185597075061,0.08967581353420197,0.0,0.0,0.13451372030130296
128.035415418971,37.9790794962087,0.025534036459030435,0.0,0.0,0.03830105468854565
128.266678276042,38.28887975093,0.07570248161345404,0.0,0.0,0.11355372242018105
128.711667805614,37.478571169041,0.02002693275050361,0.0,0.03717891908282457,0.08580877774999227
128.933368115501,37.6133567694354,0.09453514189508386,0.0,0.0,0.1418027128426258
128.497055191475,37.1709475427984,0.02416991441919176,0.0,0.0,0.03625487162878764
127.5875103042,37.9722452476038,0.1508557798055835,0.0,0.0,0.22628366970837527
127.904017096201,38.147926990626,0.06488479825603513,0.0,0.0,0.0973271973840527
128.283890488711,38.181769886208,0.04864239105969166,0.0,0.020296239730970816,0.10340794618599372
128.738299648882,37.8439090036197,0.030600916848361092,0.0,0.0,0.045901375272541636
128.388066444433,38.4469749205662,0.07478847978790105,0.0,0.0,0.11218271968185159
128.539717726676,37.7397664063378,0.017057110174498284,0.0,0.0,0.025585665261747426
128.284548318107,37.9816459065425,0.019047564289287937,0.0,0.0,0.028571346433931905
128.64286637595,37.5651022696279,0.023516672215211656,0.0,0.0,0.035275008322817485
128.350733583312,38.1200847480213,0.023570351089054337,0.0,0.0,0.035355526633581505
128.274693017688,38.3644380707394,0.07570248161345404,0.0,0.0,0.11355372242018105
128.439483146738,37.6174741820828,0.021889952558997745,0.0,0.0,0.03283492883849662
128.818125995806,37.3771111505996,0.04391619950179972,0.0,0.0,0.06587429925269958
128.187299037774,37.6395800036982,0.03133144909018314,0.0,0.0,0.04699717363527471
128.444913291544,38.4504573329992,0.07451923711339428,0.0,0.022762763315722977,0.1459230006436759
128.0343920174,38.0350277241955,0.025810206960099863,0.0,0.0,0.038715310440149794
128.598744777283,37.974174036583,0.02158263040243226,0.0,0.0,0.03237394560364839
128.343675359848,37.8569665074619,0.023711876688834455,0.0,0.0,0.03556781503325168
128.233155311953,37.7090235583943,0.02228097417117745,0.0,0.0,0.03342146125676618
128.689629179183,37.4684247742895,0.02062470521391055,0.0,0.0,0.030937057820865824
127.659240306893,38.1538413858221,0.08865242745387386,0.0,0.0,0.1329786411808108
128.571088285358,37.5249637107936,0.02565091407723047,0.0,0.0,0.0384763711158457
129.159885758691,37.0937709335102,0.04822243281139307,0.0,0.0,0.07233364921708961
127.764159782368,37.6106722503375,0.014503475601043151,0.0,0.0,0.02175521340156473
127.759081030426,37.8178474679041,0.0194847714118854,0.0,0.0,0.029227157117828098
128.552872973939,37.3472568051582,0.025898996247474406,0.0,0.0,0.03884849437121161
127.7267769084,36.6984311142064,0.024601654685454052,0.0,0.0,0.036902482028181076
128.053759295503,36.9333279215716,0.04568816787547029,0.0,0.0,0.06853225181320544
127.913498723072,36.1951430035444,0.029331993513669215,0.0,0.0,0.04399799027050382
127.661599232615,37.029245877292,0.08610850126322082,0.0,0.0,0.12916275189483123
127.409966237527,36.502859343963,0.23567956983004107,0.0,0.0,0.3535193547450616
128.190663808244,37.198507209179,0.052790603944355696,0.0,0.0,0.07918590591653354
127.572153139853,36.9037829277693,0.09566546157045062,0.0,0.0,0.14349819235567593
127.953228990698,37.1092484979125,0.07342063463038584,0.0,0.0,0.11013095194557876
127.892244274352,36.9744523293681,0.07891878400526024,0.0,0.022254824928934682,0.15176041340129237
128.142780165168,36.967573864129,0.06400345618427754,0.0,0.0,0.0960051842764163
127.798252362042,36.1991435388116,0.029706331788412296,0.0,0.0,0.044559497682618444
127.380439081411,36.6871106716138,0.2325072850573473,0.0,0.0,0.34876092758602095
127.812901749757,36.3243569724263,0.028648824984061287,0.0,0.0,0.04297323747609193
127.546194937371,36.5207641113285,0.12274501601788906,0.0,0.0,0.1841175240268336
127.738470036634,36.8113776386567,0.037610746256051715,0.0,0.0,0.056416119384077576
127.694981051797,37.0983960707406,0.03445726558402803,0.0,0.0,0.05168589837604204
127.987621418374,36.8486681958626,0.034141696014887944,0.0,0.0,0.05121254402233191
127.588421272545,36.676035827333,0.09823771173228842,0.0,0.0,0.14735656759843263
128.088297573821,37.1552902461079,0.042153750998643845,0.0,0.0,0.06323062649796576
127.831107849596,36.8438924631887,0.031915413028536614,0.0,0.0,0.04787311954280492
127.82903933936,37.0506786471468,0.03529350609102052,0.0,0.0,0.052940259136530776
127.978658976252,36.2099327458672,0.022385315722264095,0.0,0.0,0.03357797358339614
127.811304597132,36.7506509354729,0.021469900054555454,0.0,0.0,0.03220485008183318
127.721092205179,36.3467940053352,0.028725172460466145,0.0,0.0,0.04308775869069922
127.490982614582,36.5922086143716,0.11026903719611349,0.0,0.0,0.16540355579417024
127.484993250532,36.9231950481147,0.10396537481709595,0.0,0.0,0.15594806222564392
127.975133510579,36.9144371748816,0.05295781434329671,0.0,0.0,0.07943672151494506
127.899694072813,36.266990119263,0.020934053877565792,0.0,0.0,0.03140108081634869
127.348632105938,36.6362586916248,0.3086211947380942,0.03942357461248909,0.0,0.5417789413321195
127.889272134704,37.1423417262591,0.09570363530865304,0.0,0.0,0.14355545296297956
127.756566611519,37.0837452987042,0.02567532641845128,0.0,0.0,0.03851298962767692
128.035489965025,37.0004005578755,0.052431488036821725,0.0,0.0,0.07864723205523258
128.247168302872,37.2266487819172,0.055642936237226874,0.0,0.0,0.08346440435584031
127.499117432422,36.4851341573316,0.13692740806538511,0.0,0.007726943949878242,0.21698152802289503
128.129876212953,36.9142520897245,0.0780201930592038,0.0,0.0,0.1170302895888057
127.700611569459,36.7772513940566,0.11036027714322447,0.0,0.0,0.1655404157148367
127.935203739439,36.9870655206411,0.05707082255828517,0.0009846526456616111,0.007421137214974227,0.09870724495121232
127.977562408718,37.0654226151613,0.06715076307888825,0.0,0.0,0.10072614461833237
127.596401385734,36.9362287286021,0.1477277954204333,0.0,0.0,0.22159169313064994
127.996560348762,36.232377702519,0.02289811627211673,0.0,0.0,0.0343471744081751
127.936285408736,36.1824940353341,0.03344438906372356,0.0,0.0,0.05016658359558534
128.15908351949,36.9835600833551,0.0622452492075886,0.0,0.0,0.0933678738113829
127.919781119369,36.2044796974013,0.02813965329574147,0.0,0.0,0.0422094799436122
126.725098860869,36.098770549798,0.06574469705509874,0.0,0.0,0.09861704558264811
126.834247673409,36.5043732125713,0.04017253398593774,0.0,0.0,0.06025880097890661
127.588964222337,36.1342927790677,0.09387483048032554,0.0,0.0,0.1408122457204883
127.230054122975,36.3167272820824,0.1830371836716689,0.0,0.0,0.2745557755075034
127.147148768195,36.2467756173288,0.15658636483084604,0.0,0.0,0.23487954724626905
126.699215793626,36.148262920707,0.040866353459784864,0.0,0.0,0.06129953018967729
126.503071367121,36.9263560022955,0.13552506515927212,0.0,0.0,0.2032875977389082
126.134666626368,36.7707908601392,0.10062408877873069,0.0,0.012444746111063935,0.16960325233469195
126.899814392308,36.8367646720424,0.08109016278790067,0.0,0.0,0.12163524418185101
127.324309215617,36.808871337035,0.07270966053838356,0.0,0.0,0.10906449080757533
127.140459971945,36.6415003740759,0.2300253322811834,0.0,0.0,0.3450379984217751
126.569410522394,36.7827775391586,0.11977156458035092,0.0,0.0,0.17965734687052637
126.456152141643,37.0102343067774,0.3040518925314071,0.0,0.0,0.4560778387971106
127.472332485177,36.2083857684764,0.09372519885218639,0.0,0.022760481657288455,0.17472852076421225
126.940837064759,36.7020649959597,0.05224782994080337,0.0,0.013664465779708678,0.09886844358076807
126.695046308008,36.2851424646216,0.03852045942706591,0.0,0.0,0.05778068914059886
126.700077511948,36.7724091040851,0.07562731233884555,0.0,0.0,0.11344096850826832
126.53374741967,36.4991583443971,0.06645373889615498,0.0,0.0,0.09968060834423248
126.682671333273,36.5744963399025,0.0363191071907258,0.01200972876129846,0.0,0.07849811830868562
127.109834680247,36.7638134617539,0.25475578798701676,0.0,0.0,0.3821336819805251
126.910554489006,36.4387548076778,0.033866703715614885,0.0,0.0,0.05080005557342233
126.694516171564,36.1218760762114,0.046081593019314596,0.0,0.0,0.0691223895289719
126.767622083854,36.5243363635809,0.04214295867018908,0.0,0.0,0.06321443800528362
126.759710127294,36.6379734858732,0.12573906242282779,0.0,0.006417871602190681,0.1982354010375277
126.985636529512,36.8421186078033,0.10065891642383142,0.0,0.0,0.15098837463574713
127.000801104554,36.9296637475164,0.27325633674628547,0.0,0.0,0.4098845051194282
126.843430811435,36.5010614177618,0.04436584843536686,0.0,0.0,0.06654877265305029
126.913412514621,36.6346543026418,0.10954467873170441,0.0,0.0,0.1643170180975566
126.425906887207,36.6845873983216,0.10746392723124085,0.0,0.0,0.16119589084686126
127.517298806243,36.2216382305789,0.07595098793634468,0.0,0.0,0.11392648190451701
126.92816105948,36.6769231409527,0.09488652879883362,0.0,0.0,0.14232979319825043
127.150499826335,36.2951622099743,0.1446762056397598,0.0,0.0,0.2170143084596397
126.901923718223,36.8553842789098,0.08715243518287766,0.0,0.0,0.1307286527743165
126.590956696671,36.1862126452144,0.03538762085051465,0.0,0.0,0.05308143127577198
126.478588273703,36.8609592341223,0.05982418590026116,0.0,0.0,0.08973627885039173
126.892678307921,36.7430423736727,0.06250068335704188,0.0,0.0,0.09375102503556282
126.805053383219,36.0657930435432,0.042549862442583866,0.0,0.0,0.0638247936638758
126.727302530173,36.4715611052531,0.03517248120249726,0.0,0.0,0.05275872180374589
126.643417672735,36.1638166640371,0.032249268289556376,0.0,0.0,0.048373902434334565
126.942256597503,36.5365274583409,0.02615254527405351,0.0,0.0,0.039228817911080266
127.220239220574,36.2391205677211,0.1462228547018923,0.0,0.0,0.21933428205283845
126.787644251347,36.0591934310008,0.04806243300744586,0.0,0.0,0.07209364951116878
126.842822247171,36.3092860600037,0.08686264466904216,0.0,0.0,0.13029396700356324
126.883906367333,36.8239993922915,0.0950080720961473,0.0,0.0,0.14251210814422094
126.710452715717,36.0285766867936,0.047073638931859216,0.0,0.009098161420136242,0.08425770052799318
126.711116654096,36.4564417535659,0.01948043562927475,0.0,0.0,0.02922065344391213
126.459018633166,36.6442904587535,0.1757837021324887,0.0,0.0,0.26367555319873304
126.818868898175,36.1762807729842,0.053618361398414305,0.0,0.0,0.08042754209762146
126.599882370108,36.3131183809791,0.05323318366714461,0.0,0.0,0.07984977550071691
127.090390720882,36.9172654498034,0.13343898818668898,0.0,0.0,0.20015848228003347
126.578030877238,36.7244104055341,0.07794615485831982,0.0,0.005182725516471657,0.12469332056218722
126.828886427549,36.6972808128236,0.060413616694949795,0.2434616789031949,0.0,0.5775437828488145
126.595835718828,36.180370870574,0.03426587848422548,0.0,0.0,0.05139881772633822
126.655391188769,36.2425039117357,0.06072569878677262,0.0,0.0,0.09108854818015893
127.463812667107,35.7000174012882,0.010545754382816425,0.0,0.0,0.01581863157422464
126.803972424956,35.8009317678606,0.07153414504210799,0.0,0.0,0.107301217563162
127.141046170278,35.8037760230759,0.10597251226932222,0.2731348987229349,0.0,0.7052285658498532
127.87322440889,36.0211907351134,0.013449644786296814,0.0,0.0,0.02017446717944522
126.75664748414,35.6041617980305,0.0468447378868602,0.0,0.0,0.0702671068302903
127.221799757714,35.5070588743194,0.011926182735516884,0.0,0.0,0.017889274103275326
127.459959502608,35.9110863471328,0.035549317265048654,0.0,0.0,0.053323975897572984
126.948189202289,36.0223671980865,0.05164110314374401,0.0,0.0,0.07746165471561602
126.649738217734,35.8036887334357,0.07536188703815903,0.0,0.0,0.11304283055723854
127.455715199655,35.5522446975491,0.03445457928393231,0.0,0.0,0.05168186892589846
126.538652857101,35.6343348701747,0.022175077393719596,0.0,0.0,0.03326261609057939
127.13333987108,35.5706903312902,0.02635764664276582,0.0,0.0,0.03953646996414873
127.308954150864,36.0461729986944,0.05801112184793317,0.0,0.0006077147763617325,0.08792825493644235
126.54857986047,35.3925240025335,0.010338249482439514,0.0,0.0,0.015507374223659273
126.94575982693,35.4272022073677,0.019724983194129575,0.0,0.0,0.029587474791194363
127.617099130286,35.8512958789433,0.018370758049380417,0.0,0.0,0.027556137074070626
126.885546043911,35.8182685448774,0.07608558570956213,0.0,0.0,0.11412837856434319
127.788404283412,35.8755864136725,0.016495956222922565,0.0,0.0,0.02474393433438385
127.302239037448,35.6397600897892,0.024598968385358327,0.0,0.0,0.03689845257803749
126.792759863,35.8993418021046,0.04060521681363713,0.0,0.0,0.060907825220455694
127.383075679964,35.4523165054144,0.01584134730485868,0.0,0.0,0.023762020957288018
127.598787614418,35.6533651841219,0.029258190953144515,0.0,0.0,0.043887286429716774
126.987788919399,35.7716721101635,0.026928273336784367,0.0,0.0,0.04039241000517655
126.574883114747,35.8182601647301,0.07161247189753076,0.0,0.0,0.10741870784629613
127.218051964049,35.9215213383036,0.0877723107119845,0.0,0.013421546868168776,0.1517907863702299
127.067963581499,35.6691126058889,0.0398083753747153,0.0,0.0,0.059712563062072954
127.621412465018,36.0336762524699,0.015292965060755625,0.0,0.0,0.022939447591133436
127.491993356342,35.8063030187762,0.05838432904895174,0.0,0.0,0.0875764935734276
127.3701356852,35.7240348070062,0.016442890014014003,0.0,0.0,0.024664335021021007
127.06881943756,35.971000973513,0.10532172072507857,0.0,0.0,0.15798258108761787
127.441745246516,35.4073652266637,0.019715557579758604,0.0,0.0,0.029573336369637906
127.082457994519,35.5466595961743,0.03579084863330477,0.0,0.0,0.053686272949957155
127.363381498703,35.5628163995758,0.03872452397819742,0.0,0.0,0.058086785967296134
126.730302819719,35.5069977059065,0.049830678263439884,0.0,0.0,0.07474601739515982
127.882208817654,35.9194359308812,0.019378591865996414,0.0,0.0,0.02906788779899462
126.929757803759,35.8739224892779,0.03272728832238014,0.0,0.0,0.0490909324835702
126.744740508192,35.9800344605884,0.09123405610201078,0.23761444447540922,0.0,0.6120799731038347
126.658158253884,35.8949147243506,0.039274932729390234,0.0,0.0,0.058912399094085355
127.538917980465,35.9434957033375,0.03611009419204953,0.0,0.035986980514568424,0.10814561205992694
127.737450015575,35.9361275287238,0.0551826834874924,0.0,0.0,0.0827740252312386
127.391770325096,35.9572084857239,0.04515769429867208,0.0,0.008385803571267905,0.08031524680490998
126.606578003505,35.4593427536122,0.00929327874520189,0.0,0.0,0.013939918117802836
127.03024570142,35.8130894896553,0.13138627788897908,0.0,0.0,0.19707941683346863
127.242655439233,35.6962145073384,0.012919972386720139,0.0,0.0,0.01937995858008021
126.546978541131,35.8967532783647,0.034352028599576145,0.0,0.0,0.05152804289936422
127.328517643361,35.4311800800204,0.0282939034749224,0.0,0.0,0.042440855212383596
127.46110234952,35.4659175120607,0.01018239694881552,0.0,0.0,0.01527359542322328
127.233061659099,36.0261158081547,0.07789737730395004,0.0,0.0,0.11684606595592506
126.895537366968,35.9396500036597,0.0459228185452356,0.0,0.0,0.06888422781785339
126.938195371738,35.7385308498089,0.03512803943073813,0.0,0.0,0.052692059146107195
127.607302573756,35.7107243982683,0.013960890109778244,0.0,0.0,0.020941335164667365
127.123214914487,35.628640683422,0.03137678629530752,0.0,0.0,0.04706517944296128
127.407396931111,35.7654575210168,0.012724249504306938,0.0,0.07631493948357929,0.13355878348182934
127.01389897363,35.986114294785,0.0539441577591469,0.0,0.0,0.08091623663872034
127.499746231007,35.8738012277907,0.022756543544264755,0.0,0.0,0.03413481531639713
127.361548504845,35.5090117343881,0.017071861260988853,0.0,0.0,0.02560779189148328
127.102039160839,35.843273038251,0.0872795395926702,0.0,0.0,0.13091930938900528
127.43747222619,35.6003871889995,0.030983314023391356,0.0,0.0,0.046474971035087034
126.813996190962,35.7625406813546,0.022405957817736518,0.0,0.0,0.033608936726604775
126.976091907559,36.0609751692831,0.03383116914943633,0.0,0.0,0.0507467537241545
126.807505813078,35.8405266008903,0.033700341621967264,0.0,0.0,0.050550512432950896
126.598915473248,35.7823171267824,0.029927079676980422,0.0,0.0,0.04489061951547063
127.069092397524,35.7968286937417,0.134331876636051,0.0,0.0,0.2014978149540765
126.764729625071,35.7785457861784,0.050406112020787625,0.0,0.0,0.07560916803118144
127.054603228449,35.5150177989954,0.02787215435989333,0.0,0.0,0.04180823153983999
126.918824599339,36.0395400542584,0.024869954798523723,0.0,0.0,0.037304932197785586
126.72473717762,35.5959073327849,0.05666980979487223,0.0,0.0,0.08500471469230834
126.671038135594,35.8285420206668,0.04580622369546669,0.0,0.0,0.06870933554320004
126.7793350999,35.8293670437497,0.039321966545101374,0.0,0.0,0.058982949817652064
127.454703404555,35.7269131046482,0.014110757378276674,0.0,0.0,0.02116613606741501
126.834050093434,35.7792264945824,0.026148445131802135,0.0,0.0,0.039222667697703203
127.624876633457,35.8750550313211,0.015170620586220429,0.0,0.0,0.022755930879330644
126.551379387502,35.6241032813465,0.02795863437174698,0.0,0.0,0.04193795155762047
126.585659271618,35.8259340197414,0.071577974148933,0.0,0.0,0.10736696122339949
127.140276581268,35.581656890995,0.029112470954969317,0.0,0.0,0.04366870643245398
127.263728426594,35.2040331893683,0.033531057587864635,0.0,0.05249666718523327,0.12904158715964686
126.725352069132,34.8916919922535,0.05156579248491995,0.0,0.0,0.07734868872737993
127.620799131122,34.6841789073527,0.07181964690140467,0.0,0.0,0.107729470352107
126.729057123333,34.551294534191,0.04549343468256604,0.0,0.0,0.06824015202384906
127.03475470429,35.2997639788562,0.03181328649682715,0.0,0.0,0.047719929745240725
126.578807913458,35.2206845971514,0.09445049987803256,0.0,0.0,0.14167574981704883
126.457444677929,34.6290960726029,0.05140211669136806,0.0,0.0,0.07710317503705208
127.077639199878,34.7812464781278,0.01420736992557912,0.0,0.0,0.02131105488836868
127.436890914202,35.2085249318697,0.023949213658695484,0.0,0.01066065617869448,0.05191480475608495
127.35071720055,34.7434897379164,0.06291253557698144,0.0,0.0,0.09436880336547215
126.859324050891,34.9357768280702,0.041451071447288004,0.0,0.03991738240102503,0.12205268077246956
126.279814603359,35.1048248025617,0.025757517775766143,0.0,0.0,0.038636276663649216
126.798737775944,35.2860517078723,0.020522720066416648,0.0,0.0,0.030784080099624973
127.296156071971,34.4834095903824,0.042097480080849146,0.0,0.0,0.06314622012127372
127.245637265755,34.9657180361244,0.05634655835001981,0.0,0.0,0.08451983752502971
126.67711434579,35.0443077521485,0.025434266330913714,0.0,0.0,0.03815139949637057
126.28067548113,34.679481387406,0.036781763472124876,0.0,0.0,0.055172645208187314
126.937090007549,34.8603600767638,0.04219922958798377,0.0,0.0,0.06329884438197565
127.005372972511,35.4498247427882,0.011201777143035961,0.0,0.0,0.01680266571455394
127.680299375761,34.7760675692405,0.06907099636661417,0.13236804784300776,0.0,0.36834259023593674
126.992727425131,35.0321946889655,0.042373697709990436,0.0,0.0,0.06356054656498565
126.399925007193,35.2522465403654,0.0443113212562308,0.0,0.0,0.0664669818843462
126.877855709891,34.4625981569293,0.02714496821117297,0.0,0.0,0.04071745231675945
126.63698043788,34.4164385709653,0.04201957737807308,0.0,0.0,0.06302936606710963
126.756477193457,35.1097177157295,0.07021342795644762,0.0,0.0,0.10532014193467143
126.543976054507,34.6509967446168,0.02638375559457341,0.0,0.0,0.03957563339186011
127.159847440591,35.2236194490642,0.08310960066688107,0.0,0.06299758817020303,0.21916078325562616
127.423262589471,34.6633883852829,0.024513855087588462,0.0,0.0,0.03677078263138269
127.368275607707,35.1182991210946,0.02675215573226278,0.0,0.041865956449226846,0.10292716827223444
127.340692391976,35.30215797218,0.02759315617451261,0.0,0.059942074412949936,0.1313028458811938
127.290458475625,34.8464452902972,0.029795827996864664,0.0,0.0,0.04469374199529699
126.642549858962,34.6025790371086,0.020651898111370796,0.11102897176078817,0.0,0.2530357906886325
126.898114512491,35.4252382289054,0.023316896318618944,0.0,0.0,0.03497534447792842
127.032627432772,35.3704823508591,0.026652809756792753,0.0,0.0,0.03997921463518913
126.816947088086,34.5699570870641,0.01650005636517394,0.0,0.0,0.024750084547760908
126.74399063867,34.9703256736079,0.08872377935466211,0.0,0.0,0.13308566903199315
127.548925561398,35.2614832046709,0.03475077921554005,0.0,0.003004295678466249,0.05663261234100945
126.841975655082,35.0608515650754,0.031421887860072606,0.0,0.0,0.04713283179010891
126.941040647733,35.2742456202028,0.034133919883031896,0.0,0.0,0.051200879824547844
126.726827771618,35.3299425410532,0.05275539927468012,0.0,0.03524837126169107,0.13200565580455678
126.39213936365,34.6179858545744,0.03856914272529197,0.0,0.0,0.05785371408793796
127.74222053279,34.7784545809767,0.07590258740654975,0.0,0.0010813910892569362,0.11547596774371002
127.362883630856,34.5037697761057,0.033871322266656664,0.0,0.0,0.050806983399984997
127.044992238092,35.2364867923862,0.08011941876383444,0.0,0.010749092893565458,0.13630276748609985
126.57705815361,35.1579850397674,0.043073219680531995,0.0,0.0,0.064609829520798
126.973652569326,35.3866068756047,0.016092351415557617,0.0,0.002632347176085099,0.02808704788746407
126.57325868444,34.703304018518,0.025697146715720074,0.0,0.0,0.03854572007358011
126.308346941576,34.6341160944898,0.03347893394039317,0.0,0.0,0.05021840091058975
127.118235327832,35.246883529223,0.04520684887761669,0.0,0.0,0.06781027331642503
126.992788052371,35.2928001402319,0.025680416250211602,0.0,0.012856839528639334,0.05780588366827641
126.698278506074,34.5293900187105,0.03039426025327757,0.0,0.0,0.04559139037991635
127.27234358239,34.9895902669589,0.03486845801096161,0.0,0.031612268670808505,0.09972109002265517
127.101052455152,34.7508560682175,0.014729973114377567,0.0,0.0,0.02209495967156635
126.740057241095,34.9407807746656,0.07867612156327962,0.0,0.0,0.11801418234491942
127.056750108667,35.3664237506386,0.030351420835961505,0.0,0.0,0.045527131253942255
126.561807320188,35.2313601969304,0.08567101137219225,0.0,0.0,0.1285065170582884
126.956083830532,34.859182693465,0.04913487941057486,0.0,0.0,0.07370231911586228
126.681805718469,35.0437735138654,0.026510907132437797,0.0,0.001831932631665105,0.04251425964615435
128.281608396432,36.4582043186231,0.05767957586243429,0.0,0.014123577493804516,0.10770473003435821
128.826456857553,36.4173331560396,0.04757932314286177,0.0,0.0,0.07136898471429265
128.997826110878,37.0664499437244,0.05830326876536139,0.0,0.0,0.08745490314804208
128.973362927521,36.0594707839649,0.06383723547484547,0.0,0.0,0.0957558532122682
128.303693325815,35.9271094255656,0.10972169176959122,0.0,0.0,0.16458253765438682
129.379782045827,36.7264279653695,0.06179102885105153,0.0,0.0,0.0926865432765773
128.696164949204,37.0011443307915,0.03639215570210082,0.0,0.027428478842202862,0.09573095181645552
129.261340686569,36.259852916887,0.050725169067244974,0.0,0.0,0.07608775360086746
128.603721201235,36.1172363082037,0.14783802798050177,0.0,0.0,0.22175704197075266
127.969811486075,36.2806976987796,0.01897668366921824,0.0,0.0,0.02846502550382736
128.245943658286,36.757221770889,0.02570907011789935,0.0,0.0,0.03856360517684902
128.913116783051,36.7287682206102,0.015516210737132056,0.0,0.0,0.023274316105698085
129.140782793712,35.7849321431548,0.06861913241366985,0.0,0.0,0.10292869862050477
128.79652543354,35.8002120576169,0.10957107045194311,0.0,0.13035049579328453,0.35988234936784147
129.156163884755,36.9763309418666,0.029666697079982367,0.0,0.0,0.04450004561997355
129.035348063567,36.277783346721,0.020583326766821987,0.0,0.0,0.03087499015023298
128.601062859883,36.6021451749354,0.11013005651221351,0.0,0.0,0.16519508476832026
128.424844707217,36.2276902805547,0.057131853411337204,0.0,0.0,0.08569778011700581
129.046941000653,36.5299731006968,0.013637025999991706,0.0,0.0,0.02045553899998756
129.242867323957,36.0682938072464,0.08640578514048124,0.0,0.0,0.12960867771072185
129.237228641337,36.7680812511187,0.013054523031865741,0.0,0.0,0.01958178454779861
128.358201387317,35.7475697554962,0.1193478832143758,0.0,0.0,0.1790218248215637
129.331739621411,36.9518101034504,0.03723815171996726,0.0,0.0,0.05585722757995089
128.874628190406,36.2260266161387,0.030488610653130983,0.0,0.0,0.045732915979696476
128.758526346458,36.7091446107067,0.03025994524849124,0.0,0.0,0.045389917872736864
128.076347712757,36.7890000833661,0.043233407996766636,0.0,0.0,0.06485011199514995
128.854191482807,36.5668686776971,0.03008345061939482,0.0,0.0,0.04512517592909223
128.1835483803,35.7877831401175,0.05481541442352754,0.0,0.0,0.0822231216352913
128.007067299613,36.1331820404225,0.07758289168046262,0.0,0.0,0.11637433752069393
128.109163105473,36.6255379631468,0.10984752372144369,0.0,0.0208861940456566,0.19610057665065042
128.748761916515,35.9975639655139,0.15183364016849982,0.0,0.0,0.22775046025274973
128.556463585091,36.9491826153569,0.04888604319118124,0.0,0.0,0.07332906478677187
128.399292304927,36.3574470573918,0.026557469667430392,0.0,0.0,0.03983620450114559
128.515768466327,35.9986068425114,0.20686391147161362,0.0,0.002206403439011332,0.3136054723659374
128.721497548319,36.2448183256554,0.018024036824744273,0.0,0.0,0.02703605523711641
128.940490175039,35.9188423791649,0.11263877803319097,0.0,0.0,0.16895816704978645
128.693913158031,36.4463571387104,0.05819506271238266,0.0,0.0,0.08729259406857398
128.872823247616,35.6894204893491,0.08721841448347445,0.0,0.0,0.13082762172521167
129.1385873804,36.0848021958337,0.08511975431570604,0.0,0.0,0.12767963147355904
129.327972787218,36.1384673795695,0.14042360407593726,0.0,0.0,0.2106354061139059
127.990434393996,36.3995942578897,0.01837099368973969,0.0,0.0,0.027556490534609537
128.180479525703,36.3734280792482,0.028338533758968942,0.0,0.0,0.042507800638453413
129.004539332341,36.8069303490224,0.00992012922894327,0.0,0.0,0.014880193843414906
128.771742113902,36.8162922414424,0.028493113834652858,0.0,0.0,0.042739670751979285
128.989833680734,36.6089182092367,0.02157867164439645,0.0,0.0,0.03236800746659468
128.515104129162,36.6018661090573,0.1331320901827702,0.0,0.0,0.1996981352741553
129.08473461156,36.1963586012395,0.043144618709392096,0.0,0.0,0.06471692806408814
129.162712062771,36.7760540686644,0.013585185120951368,0.0,0.0,0.020377777681427053
128.15721054111,36.7627559019388,0.07709393793496853,0.0,0.000701065869466406,0.1166925057066524
128.241584473858,36.5232743616992,0.036560402918622635,0.0,0.0,0.05484060437793395
128.610076188573,36.9904483481958,0.0671594817721814,0.0,0.0,0.10073922265827209
129.32700271217,36.891532075669,0.043294061825243826,0.0,0.0,0.06494109273786575
128.393522931508,35.8037376838607,0.12989995275882077,0.0,0.0,0.19484992913823115
128.899469748088,36.5327534340662,0.018517703377423842,0.0,0.0,0.027776555066135765
129.325745270082,36.0828415757404,0.13051667070711337,0.0,0.0,0.19577500606067005
128.471011088931,36.2016457981532,0.08478424957217136,0.0,0.0,0.12717637435825704
128.642507862812,36.1520304868032,0.15849905762707517,0.0,0.0,0.23774858644061275
128.29509684212,36.4191157975768,0.03298328800869569,0.0,0.0,0.04947493201304354
129.196034329085,36.9494482752856,0.0154195039336859,0.0,0.0,0.02312925590052885
128.958678350846,37.0662726457158,0.05910364480967233,0.0,0.0,0.0886554672145085
128.905748851002,36.2003422997663,0.025070296231978696,0.0,0.0,0.037605444347968045
128.808220223324,36.3964874317082,0.046152567895528,0.0,0.0,0.069228851843292
128.987847321966,36.0416278495925,0.060100073632899466,0.0,0.0,0.0901501104493492
128.080643164817,35.2679434111747,0.05234995647251284,0.0,0.0,0.07852493470876926
128.95758164172,35.3857532495657,0.07774373978970323,0.0,0.0,0.11661560968455484
127.98217325784,35.5133198888407,0.02098580050046242,0.0,0.0,0.03147870075069363
128.399395490546,35.288267591301,0.10378666516862234,0.0,0.0,0.1556799977529335
128.225211983648,35.5817520736343,0.07445405899001903,0.0,0.0,0.11168108848502854
128.046655260067,35.0062602580463,0.11639526238459749,0.0,0.0,0.17459289357689622
127.871893211043,35.3173019581601,0.021002955118617585,0.0,0.0,0.03150443267792638
128.336329684242,35.0046888334461,0.11422298816859182,0.0,0.0,0.17133448225288772
128.671933262393,35.4150573874089,0.1685937492341688,0.0,0.0,0.2528906238512532
127.756641230951,35.7484360081134,0.059031774500093684,0.0,0.0,0.08854766175014053
128.348259876441,35.501003395227,0.05978879271829817,0.0,0.0,0.08968318907744725
129.199443251528,35.4317784607524,0.11634549514071876,0.0,0.02490465500496295,0.21187522521852256
127.801375259098,35.1875155954391,0.08922654162520967,0.0,0.0,0.1338398124378145
128.601073128255,35.2414546124643,0.25345938898643355,0.0,0.0,0.3801890834796503
128.311215023725,35.1405597172979,0.15622008545639013,0.0,0.013674094252415165,0.25484126956320796
127.729693337423,35.3910180544734,0.06919800652026299,0.0,0.0,0.1037970097803945
127.729892783037,35.57632645197,0.11293780564911002,0.0,0.0,0.169406708473665
128.700168200946,35.2537950498816,0.32073900021377294,0.14053356653001967,0.02025328370151745,0.792555558932975
128.04352636666,35.66414899316,0.015467338926618576,0.0,0.032400377046928004,0.07180157396031987
127.885913738325,35.6343326125369,0.02671770511173689,0.0,0.0,0.04007655766760533
128.123431699706,35.3696021576433,0.04308665118101063,0.0,0.0,0.06462997677151594
128.142619432578,35.1342636231892,0.11562203210967495,0.0,0.0,0.17343304816451244
127.938640305682,35.169604914656,0.04828209695036132,0.0,0.0,0.07242314542554198
128.568697408564,35.4872723008841,0.13243666835448,0.0,0.0,0.19865500253172003
128.41447041213,35.4954196780503,0.0455945243966947,0.0,0.0,0.06839178659504205
128.897474113317,35.5101322671634,0.07072128005875551,0.0,0.0,0.10608192008813327
128.260248695864,35.4178368774212,0.016901351897018,0.0,0.0,0.025352027845527002
128.25900879243,34.9436796139116,0.11493353810794742,0.0,0.0,0.17240030716192112
128.161107841191,35.6172701628944,0.053324140845824465,0.0,0.0,0.0799862112687367
128.323817075529,35.3339473378547,0.021107909334638342,0.0,0.0,0.031661864001957515
129.014980219856,35.3154869953551,0.3433906837981606,0.1800480005820316,0.03683323903993302,0.9304318854212037
128.207404951272,35.4894885334206,0.035188316234640485,0.0,0.0,0.05278247435196073
128.056867771206,35.5074529383305,0.03163523664135952,0.0,0.03309187601638512,0.09709066898661696
128.343073427927,35.2228293385466,0.19399667539729906,0.0,0.0,0.2909950130959486
128.550914531662,35.3117780295564,0.20742285040381214,0.0,0.0,0.3111342756057182
127.956669003044,35.3036467646524,0.021787260490426025,0.0,0.0,0.03268089073563904
127.943500493224,35.442688738599,0.012475366156841469,0.0,0.0,0.0187130492352622
128.062528991933,35.0481699339283,0.05195893486033312,0.0,0.0,0.07793840229049968
128.455313118673,35.2968622976029,0.09690601380588588,0.0,0.0,0.14535902070882883
128.19954833326,35.3522152948325,0.03732006030885099,0.0,0.0,0.05598009046327648
128.883335840983,35.3971471556833,0.05554203503538564,0.0,0.029827939954020315,0.12805496248410894
128.420020738654,35.5562390047368,0.048219463742866224,0.0,0.03439922865942216,0.12392803860343257
127.774869380722,35.6291069166642,0.05832113030459438,0.0,0.044907325490800246,0.15484268369309195
128.734880633409,35.2982987255066,0.26231376399845113,0.0,0.0,0.39347064599767667
128.042841248085,35.5599194065565,0.04793947586797655,0.0,0.00023731722599479326,0.07226518964095702
128.264459982248,34.9970972775352,0.12278252996308552,0.0,0.0,0.18417379494462827
128.373247088705,35.3523021961398,0.026825298499781512,0.0,0.0,0.040237947749672265
127.872037401915,35.3622100391923,0.018634863764055005,0.0,0.0,0.02795229564608251
128.987956816856,35.4225927354712,0.08656927242174571,0.0,0.04484342997837573,0.19711905360018217
128.195771469578,35.5497455535509,0.04051920808250203,0.0,0.0052926879990338495,0.0687178441223038
127.817202337508,35.2270081829413,0.09757725893331454,0.0,0.0,0.1463658883999718
128.099790268331,35.0496511802671,0.06001269818768056,0.0,0.0,0.09001904728152084
128.9341304377,35.3582959185191,0.07866749712613016,0.0,0.0,0.11800124568919525
128.024520564757,35.0522473222687,0.017531501345789218,0.0,0.0,0.026297252018683825
127.818566938151,35.1530866607118,0.04534210644384012,0.0,0.0,0.06801315966576017
128.282479819557,35.161713190418,0.18178008948301258,0.0,0.034313321159161886,0.3241401159632617
128.926466977991,35.3969523278385,0.06356945377056622,0.0,0.0,0.09535418065584933
128.351441675949,34.9852533068588,0.09828837440953238,0.0,0.0,0.14743256161429857
128.163191237059,35.5973250868411,0.05524446838969411,0.0,0.02157150750857679,0.11522396384740635
128.331425556159,35.0140602173715,0.11591356636216904,0.0,0.0,0.17387034954325356
126.462270096955,33.3478476016065,0.022476838437806214,0.0,0.0,0.033715257656709324
126.713486196243,33.4341399322666,0.05839465009668795,0.0,0.0,0.08759197514503192
126.354100455641,33.2980579944125,0.024100918921996253,0.0,0.0,0.03615137838299438
126.855394817467,33.4230884632376,0.046669704227991285,0.0,0.0,0.07000455634198693
126.603948990062,33.3017119251302,0.03279552977042597,0.0,0.0,0.04919329465563896
126.522411806249,33.4923754785448,0.10402485044377677,0.3313772812478744,0.0,0.818791838161414
126.35055506277,33.3828696331323,0.019138945620614498,0.0,0.0,0.02870841843092175
126.764225070274,33.5470559305822,0.103097464245817,0.0,0.04293999617315604,0.21905619062845957
126.677817645057,33.3317329802259,0.04652530381582802,0.0,0.0,0.06978795572374202
126.22502453708,33.2689126996589,0.028754721761519133,0.0,0.0,0.0431320826422787
126.643518937025,33.3875733897079,0.04622014955056786,0.0,0.0,0.06933022432585179
126.224532613061,33.3611157361083,0.023256855155075862,0.0,0.0,0.03488528273261379
126.375949571039,33.4348259346399,0.021003567783551697,0.0,0.0,0.031505351675327545
126.439847932696,33.4641036531758,0.047883016437894436,0.0,0.0,0.07182452465684165
126.734953556334,33.3219357730308,0.06737509270091734,0.0,0.0,0.101062639051376
126.90838076356,33.4618259175899,0.048146368103419344,0.0,0.0,0.07221955215512901
126.541219144351,33.3833736315537,0.02731552470321568,0.0,0.0,0.04097328705482352
126.63325812716,33.4596900720135,0.04447075552331576,0.0,0.038023309526331324,0.12374109757447063
126.276275408643,33.4288778682843,0.02920022342476305,0.0,0.0,0.04380033513714457
126.276511459524,33.2151984328612,0.03457206956706645,0.0,0.0,0.051858104350599676
126.375504395536,33.3430763998172,0.0191676466163741,0.0,0.0,0.02875146992456115
126.793585062669,33.3962091704374,0.04314645670419443,0.0,0.0,0.06471968505629165
126.553367595645,33.253235600751,0.03139681572584583,0.2630080998998628,0.057411276400035245,0.6592283379885472
126.695964691145,33.5463772003003,0.11067627086501125,0.0,0.0,0.16601440629751688
126.560186501,33.4442584778735,0.02946795800097046,0.0,0.040067563595307595,0.10430328239441708
126.651839493675,33.2933297526547,0.04306662175047231,0.0,0.0,0.06459993262570846
126.379971929671,33.2434394651093,0.023007736167251117,0.0,0.0,0.034511604250876675
126.300714066814,33.3676621243142,0.02906143125315051,0.0,0.0,0.04359214687972576
126.692699621469,33.4761024713248,0.07574645210449461,0.0,0.0,0.11361967815674193
126.805382533646,33.331898116047,0.03975422522015407,0.0,0.0,0.05963133783023111
126.46329576234,33.4236074830407,0.021346707274726873,0.0,0.0,0.03202006091209031
126.555609013957,33.3003676832507,0.029747144698638598,0.0,0.0,0.0446207170479579
126.756618011787,33.4905896185505,0.10239412490145519,0.0,0.0,0.1535911873521828
126.809079656818,33.4460201382198,0.04371331315246459,0.0,0.0,0.06556996972869689
126.690723148025,33.2788458605006,0.04767291949356551,0.0,0.0,0.07150937924034827
126.483459159564,33.4618640781573,0.033984052614533466,0.0,0.0,0.0509760789218002
126.680993058826,33.393813393353,0.04907361291716355,0.0,0.0,0.07361041937574532
126.485641034928,33.3143216342225,0.025073972221583377,0.0,0.0,0.037610958332375065
126.3482062065,33.4649229775063,0.03270659909883586,0.0,0.0,0.04905989864825379
126.437751131878,33.4153825544463,0.04017474900531491,0.0,0.0,0.060262123507972366
126.491631435318,33.501233984577,0.1079946835764702,0.34279655885729127,0.0,0.8475851430792878
126.671882440918,33.4511840359936,0.05088559302383888,0.0,0.0,0.07632838953575832
126.719625904106,33.2913404752844,0.05152365998868172,0.0,0.0,0.07728548998302258
126.373554623452,33.2790816695821,0.022808714319808077,0.0,0.0,0.034213071479712115
126.887589916933,33.4455901011777,0.04416512997733705,0.0,0.0,0.06624769496600558
126.859548425666,33.3989656344776,0.045397906080916255,0.0,0.0,0.06809685912137438
126.612055663518,33.4470836196258,0.03512601292364838,0.0,0.0639537688340706,0.14861967263657846
126.788018564679,33.5473357695242,0.09037340325379749,0.0,0.015109363474848392,0.1582241500929688
126.397976668886,33.336997812136,0.02232593435172698,0.0,0.0,0.03348890152759047
126.621900973112,33.3961613235701,0.03377904550196486,0.0,0.0,0.050668568252947285
126.896019457392,33.4813109046135,0.06443849541556967,0.0,0.0,0.09665774312335451
126.483819985689,33.3503342205144,0.025038861808051507,0.0,0.0,0.03755829271207726
126.662423512439,33.3111689751963,0.04576296012550394,0.0,0.0,0.06864444018825591
126.222100186169,33.3746229684558,0.02220071506480864,0.0,0.00813791368082258,0.04550794311844683
126.609979304222,33.3116219687461,0.03320087831644954,0.0,0.0,0.04980131747467431
126.353677744955,33.2900579444137,0.02521955083554301,0.0,0.0,0.03782932625331452
126.638710546056,33.3825131011563,0.03537178581837143,0.0,0.0,0.053057678727557143
126.904039461867,33.461401954524,0.04768946144678656,0.0,0.0,0.07153419217017984
