Longitude (deg),Latitude (deg),Traffic_Score,Hospital_Score,Tour_Score,Total_Score,Nearest_Traffic_Distance_km,Nearest_Hospital_Distance_km,Nearest_Tour_Distance_km
126.71835035910024,37.4316953158745,1.0,0.853484729624286,0.8369834873526808,0.923442116357822,1.1300060288662006,2.4804529299111997,2.912616922728869
126.72892672038589,37.444572756838355,0.987100971612344,0.8729389886898457,0.7909368414121444,0.9136195506955546,1.2857303923692687,2.1533062679484987,3.7625865032111454
126.7400248113566,37.46646317038054,0.9173594241817371,0.9159223092395339,0.8017874902335449,0.8938139029094377,1.532523187961829,1.4548330407642884,3.5590182218781545
126.75395546993767,37.53512121864323,0.914467292827702,0.8946212325227945,0.8365254850151514,0.8929251131737197,0.25426409970826763,1.7969084028070221,2.9208957193510634
127.09519754870377,37.277332436571406,0.8980063064229606,0.92841114577419,0.8236761299682097,0.8922617229373794,0.8459560278550641,1.2578427886842427,3.154566990553022
127.13574394918454,37.49009960472158,0.9245497881821114,0.912994657749306,0.733265565098758,0.882826404435599,0.7471929903699573,1.5013885159263858,4.8807618880540105
127.1277983672206,37.49739915797616,0.8533741481883009,0.9680983186369995,0.7137665964422922,0.8598698889737088,1.7080090911378354,0.6484840022002568,5.2734206253438884
126.70096550800238,37.53172037783125,0.8165257373090756,0.8735684844875257,0.9199767600795226,0.8543287660167,1.1692535981157455,2.142838796930391,1.4663281279032634
127.14814159970192,37.49314023387265,0.8651939790915286,0.8549887108913985,0.778606085188718,0.8448148198509273,1.5430281207072087,2.454905637533053,3.9964664833996717
126.83967321173444,37.56111063673884,0.7375686241915044,0.965651789251775,0.930498226999492,0.8445794942711831,2.6542220906380174,0.6853406036924061,1.2902251291280087
126.68015190295174,37.51547337434224,0.7996051489481129,0.8274233360325449,0.9340990217924195,0.8348493796423038,1.420397588207544,2.9301959204376935,1.230311234819693
126.7123570335904,37.50385199943952,0.7130445387179569,0.9773361375545385,0.9041564350461815,0.8305543976345764,2.794463227148288,0.5101285079445365,1.7340741633223757
126.70883182837485,37.469315588229165,0.7503698645897822,0.8850024154370713,0.9193094839974706,0.8245475537255066,3.9424034413147626,1.9539718431566782,1.4775491200189101
126.85281960914809,37.55120830636899,0.6846406710405349,0.9612687167636419,0.898873363231798,0.8104756231957196,3.547233075312137,0.7515982480434618,1.8242901616541596
126.87407938821256,37.56585809158971,0.7306324571146425,0.8523643271466406,0.9000566984514603,0.8010368663916054,2.7675353526061777,2.4995129033706007,1.8040476260096665
126.73648511066368,37.5192288643404,0.6469415414232668,0.9164497016236735,0.9604066796107069,0.7904870171208768,0.5825261316361777,1.4464617916927196,0.7979386648008358
127.07009162061064,37.446930797314046,0.7784945553898105,0.7280780835151023,0.8669813126718302,0.7810669652838019,1.277920366172497,4.780084376443964,2.3777093100480506
126.72365022433473,37.510448384201375,0.5880292914135964,0.962788362932413,0.970172006534883,0.7768855558934986,1.72743559154899,0.7285930343726152,0.6397925279895901
126.72375148516772,37.51807838298742,0.6209926876089744,0.9195911639236719,0.9387557708545649,0.7741248471525017,1.0734150704546577,1.3966942232016855,1.1530924422954718
127.10757223510387,37.511676578345046,0.704467386781333,0.9052264276205508,0.7040852432464206,0.7646186703261159,4.00773680211333,1.6256237697621272,5.471279876192839
126.87503796426668,35.18952590105146,0.6060983974922036,0.9520416777965979,0.8727631377734612,0.7632143296397734,0.05274753123066423,0.8920447115781347,2.2762347904205993
126.73752080020373,37.41656815712869,0.652264726673612,0.8315696675068899,0.930762893558548,0.7617558423005826,0.3249633010178423,2.857734250562104,1.2858152058241208
126.70440867409894,37.43879496184724,0.5991310201870772,0.915460967408848,0.9147244140771317,0.7571486831316193,0.6409238431984329,1.4621597084932305,1.5548229107274518
126.84255672336413,37.51676265790815,0.6776579902767964,0.9313709858286695,0.6911900358914841,0.7564782980652959,1.8132332842455317,1.2115331045413578,5.7378983165831485
126.7526111442478,37.58543940596008,0.7707273932844017,0.7360608134326267,0.746216567171177,0.7554252541062243,0.6770962109928327,4.62271335851878,4.624158891396303
127.06233121189771,37.4680524781977,0.6477352758155986,0.8272075380580536,0.8938411083743251,0.7507981210000805,3.4830715177339373,2.9339768259940158,1.9106031878637308
126.75155109306728,37.581563396631935,0.7548191537010558,0.7437165385749157,0.7416766411236058,0.7488598666477237,0.9272263091044823,4.473324214185875,4.713735843860308
127.0436516753108,37.48800530517039,0.5268046424315109,0.9776586366181397,0.9023900178519824,0.7371779157715938,5.960975475675726,0.5053213934084174,1.7641929976174842
126.75034718729015,37.414410861458485,0.6169691299802663,0.7831594545837346,0.9566109682744762,0.7347545950201487,0.9920653280914258,3.72638885141133,0.8597479999261626
126.70060550710949,37.42067680722387,0.5611875132640662,0.9287134578331937,0.865152405854676,0.7322382751529265,1.4254137652228205,1.2531062504141586,2.409915212130412
128.54962196444197,35.90289386606794,0.5832499240710805,0.7916228230729525,0.9642574151129953,0.721963291980025,1.5553582621135764,3.570851197129773,0.7354279029641723
126.8322342512102,37.500959829077736,0.6326872069674147,0.9302968045561948,0.6036463342753347,0.7161619117056327,2.636662666511258,1.2283232308319518,7.648470265064752
126.7058771105834,37.40001908876646,0.5080919892097263,0.9767054105448403,0.842687887394554,0.7155951952472261,3.3200578228698383,0.5195344693252619,2.809790976656301
126.71368021054312,37.42933149667645,0.5737836041890733,0.8472147382378864,0.8531760212506947,0.7116914278160416,1.159259326644402,2.5874290891065233,2.622103353386543
126.7076309032036,37.39533212432046,0.5018888593629899,0.9618888853884493,0.8507131585761273,0.7096537270132552,3.467331550464578,0.7422055431100776,2.6660188836387313
126.79940182930449,37.45402974776311,0.6026809721409149,0.9097872459379308,0.6539879792991201,0.7050742557116607,1.086452126982863,1.5525591507754417,6.527617792280311
126.88702428286577,35.175755749302,0.5231199043458595,0.9242786689635849,0.7855859247606886,0.695960737814143,1.0323809313022814,1.3227396532099922,3.8637427026961384
127.06590516274645,37.50463000500513,0.5676932437545782,0.8620899976477918,0.760695079962294,0.6946126371640854,6.596210200739035,2.334864311531727,4.34113523445213
126.89907310578882,35.177862821061126,0.521512072024338,0.9489761833806736,0.739993499629841,0.6934475909523392,1.0692882741338938,0.9389977040800492,4.747047996314572
128.963082293362,35.15959785340367,0.5156889768777636,0.780523573221825,0.9419655206778845,0.6803946645410062,0.7109942745794563,3.775161642001298,1.1000410109825214
128.52097149395715,35.82676165972932,0.4861694071331303,0.9210760981369082,0.7807547666812135,0.6755584863438803,0.3173606943786716,1.373226997143874,3.9555147329677673
126.67625268004008,37.433391745804734,0.4422086668383068,0.8883102189858237,0.9392031427583163,0.6754380276665638,0.7316333328982834,1.8997737477787793,1.1456897384165992
126.8950704453545,37.51935158356588,0.46656235442335603,0.9746186982152624,0.7353431352137743,0.6727354137190116,6.2886218043277236,0.5506954803697804,4.839375871184944
126.95841509804463,37.56861894068177,0.4144453235366391,0.9767527627406394,0.8483857935172169,0.6699256492939547,9.565501596547493,0.5188281065056826,2.7076071482519986
126.66688972148216,37.4163156821097,0.38573609852801305,0.9507828561514015,0.9569165236600514,0.6694862108414372,2.3693777893458474,0.9113078144804937,0.854765262561893
128.52039875975,35.88787159217768,0.5220956129481893,0.7939763347223511,0.8457375179748399,0.6683882104857679,0.838195615592598,3.527884022939633,2.7550352691232227
128.9999494560769,35.15612811291084,0.4222028299568429,0.9814869626740587,0.8132707207846305,0.6682016479375651,3.1088798696249706,0.4483744143849272,3.3458152430008496
126.6861227123826,37.4425780542566,0.4130469408424525,0.8785430430358421,0.9875800006644764,0.6676023834648741,1.549414414491066,2.0603760802572384,0.36094069706313775
126.84854758697578,35.187725521531185,0.40361030924101005,0.901286048268618,0.9686628110359354,0.6659235313082775,0.7487866390751771,1.6890367563695843,0.6641518857936788
128.5061548349127,35.813429886775566,0.4326409627083131,0.9145296884879774,0.8712815904097746,0.6649357059825047,0.2711810407592809,1.4769604593642505,2.302187820198822
128.58918690986917,35.90236358891848,0.4606893014602696,0.7945553261851857,0.9669359420057808,0.6620984369868467,2.850565899978974,3.5173324312691316,0.6920610752865415
126.9901982496932,37.49547418477562,0.4025296822142475,0.9328404978539547,0.9018539718932645,0.661487784841963,9.186526309375443,1.1885941102648845,1.7733419903816945
129.00357626551687,35.12194542960372,0.3631477090400514,0.9417241159716572,0.9767187118212073,0.6594348316757643,4.914904006045451,1.0506634562678245,0.5344667657685446
127.03389049406546,37.5152637038353,0.4050571192810207,0.9481802548967343,0.846841129138416,0.6563508619372138,9.111499379476774,0.9512127050076948,2.7352569617780293
126.90875408221484,37.51605173572231,0.420828110632876,0.9627703333891928,0.7827102585035716,0.6557872070339101,7.5253642977870125,0.7288657684919209,3.9183177295288796
126.85915877578203,35.1781434060153,0.3725631988090322,0.9422491943968143,0.8955928501270383,0.648074927748968,1.7081840842780331,1.042550438737867,1.8805151028177265
129.01498021985685,35.31548699535513,0.3770429785803324,0.9150491165855608,0.9229862550038632,0.6476334752666071,0.08833643163562818,1.4687034237832826,1.415798191433797
128.7001682009466,35.253795049881674,0.4027300977337832,0.8941373082728972,0.8886669402433283,0.6473396293974264,2.8961220066507427,1.8047711244846534,1.9997404226263704
126.65154210447932,37.41369679752519,0.36297700803983995,0.9099987542938324,0.9630775556855696,0.6471036414451836,3.0982633446714627,1.5491793923157713,0.7545603515964711
128.6529107082366,35.883230933859565,0.3900927102057184,0.9663121354751112,0.8029615293801531,0.6455323016214232,2.6836269118309897,0.6753836597391291,3.5371158667250215
128.96737871266816,35.13676791007424,0.46778484015913396,0.7810681667437286,0.884763748289061,0.6451656197604978,1.879861048432852,3.7650717993672056,2.067245961889549
126.84581322575396,35.18110336866312,0.3791097341814671,0.8956191749011405,0.9215050285347648,0.6425416252680287,1.4994073939793586,1.7807070006268246,1.4406522843044507
129.0294393949149,35.108811911255145,0.28949562467748874,0.9999477382921934,0.9675968342566701,0.6382515006777365,7.631137286652573,0.1767619740855631,0.681375312864082
126.84947591083527,35.17843165512977,0.3742190883901971,0.8978488896653579,0.9075247444986012,0.6379691599944262,1.6550316571683834,1.7445711149847944,1.676767181197154
127.05913079543376,37.64727950726129,0.3676679477595112,1.0,0.7454527047265432,0.6329245148250642,5.138664355301347,0.17599998943891731,4.63920256079825
126.8812588494758,35.14509252119284,0.3926872899524229,0.9807820679533309,0.6920607920853769,0.628990423779286,4.470500405562081,0.45884361316989236,5.7197824251568905
126.67079549262476,37.40093201595463,0.33478632523803653,0.9548567791289723,0.8729652244716565,0.6284432412520413,4.067168761931437,0.8490559663999465,2.272697342177694
126.87228737610552,37.37494232610803,0.5065199479565613,0.6952449590745016,0.82420858090706,0.6266751778820431,0.626383337283359,5.445296326959033,3.144829716636718
127.44783232626776,36.42907392311605,0.4040786520019704,0.8678569565062034,0.8203638417390815,0.6264691813006624,2.713077057074082,2.2380806319957305,3.2152476514222394
126.88549603144924,35.14789523283338,0.4048943983006038,0.9574746298565582,0.6792993846210895,0.6255494650314872,4.103564691160151,0.8091896429547129,5.986936867528278
126.67011765359877,37.58141276640218,0.4357810527475427,0.9291409029329594,0.6285931768571831,0.6223514326250958,2.2826895003664216,1.2464117150729452,7.085179327751978
127.00981103640164,37.643349675122494,0.38862318875101404,0.9282785221788517,0.7277638960186106,0.6183479302328846,7.149457875673277,1.259921169064886,4.990772785219668
126.68082372730088,37.47400547217772,0.33179736083511885,0.9228375311099539,0.8704880715216403,0.6168475540548737,4.17463962160114,1.3454376315641547,2.3161021620798037
126.70346167539309,37.57027437174428,0.4838326593791886,0.7849053380075107,0.6958771029957471,0.616563351690997,1.0287364271854562,3.6941711436674693,5.640577903800501
127.40879863645056,36.33939040528319,0.287906220332454,0.9846364964431514,0.884250556789306,0.6161941704570336,4.403510619191585,0.4016861368756432,2.0761385594843973
126.68085021220293,37.590049571658895,0.4311205222029461,0.9355372752837079,0.5957655115114898,0.6153745459888833,2.411581999008775,1.1465886192026244,7.8297652724142255
128.97414135259095,35.116219769254045,0.3846013945465401,0.8170076650012761,0.8701711376369838,0.6114372243010496,4.2269638901143916,3.113780387705364,2.3216622994801654
128.9743481183757,35.219276634326555,0.3364555223927101,0.8398974623942838,0.9463749003580093,0.609471979986242,1.0393191896226777,2.7132460402338174,1.0273905263602616
127.1368645739098,37.54643208264668,0.3186575707706048,0.9312602216219243,0.84388524146625,0.6074839001651298,2.717793498691468,1.2132635496956525,2.788274767141412
126.9169519529103,35.18767148879442,0.3845011167659827,0.9297553336844426,0.6750558180293361,0.6061883220941913,0.5787491837418528,1.2367938896464132,6.076570601767833
128.50252233813396,35.79468847898857,0.37492253858749974,0.8324389919801454,0.8422573807255628,0.605644443032906,1.9875153014342146,2.842586144117561,2.8175327550483793
126.6585346997287,37.39429670531581,0.3121635513686198,0.8983566732865386,0.8882190822028702,0.6032325941108455,4.90557734530695,1.7363538724738796,2.0074745464378316
127.0817001221984,37.59247934974942,0.2839264162892133,0.9447546174849395,0.8756972160323324,0.600529036596555,3.2705409899063302,1.0038993065207649,2.2249362059926767
127.31739814844921,36.36565219986922,0.280225761737814,0.9365104020708676,0.8783954672690041,0.5967450949439681,1.7474734590117031,1.1314598565553542,2.177876611458031
127.46299200371864,36.443769025441455,0.35428287500606714,0.8598325249425576,0.8075370973238694,0.5965986144505747,4.289356136548276,2.3729209508675586,3.451984259065396
126.96160143043792,37.64501467624024,0.3936152780935676,0.7451358694507438,0.8804902332063305,0.596446446523273,5.68035304615923,4.445791002252948,2.141418467351987
127.40714351207968,36.35486089297522,0.3141708857445046,0.876299879159716,0.8803012595768265,0.5960356585355324,3.3574585706760063,2.097504652676354,2.1447047140190727
127.46033132007572,36.37081996060313,0.35505585238502496,0.7950338641207575,0.8997791831004323,0.5959939220488262,1.8913903805117451,3.5086171125542847,1.8087930595277766
129.00223106432935,35.197919698936204,0.28289529907328265,0.9250667375710074,0.88386451741838,0.5957405742916195,2.059806661534151,1.310342052407931,2.0828304679715166
126.69486596596444,37.59190918350509,0.43037102694029283,0.8612474093847577,0.6040623461356915,0.5943722055127121,2.432440016881259,2.349057434718623,7.638945600700111
128.97347336471307,35.19770541223192,0.31848071274498957,0.8291409559771654,0.9244394770922172,0.5928705385840878,0.6401283737095055,2.900136155913735,1.3914439744174119
127.40125777826088,36.3753897167241,0.3119890690049324,0.8230350316032097,0.9319459629465189,0.5892942365727328,3.440964720790187,3.007269540449146,1.2661145633942454
128.99272367315277,35.22326457307819,0.27525040746076207,0.8993784465893411,0.9081718589794855,0.5890731095030804,0.9265509861546913,1.7198325874525795,1.6657762299739178
126.93342478843665,37.45080690080965,0.3591429722395277,0.8122887038760798,0.8166346526807258,0.586585027818733,3.194051299688862,3.197701215387848,3.283786929197185
126.93943181277992,37.4920199364761,0.27803309424743056,0.9304331559091762,0.8410156063064128,0.5863496151577506,6.261409945104538,1.2261909320733613,2.8398803212276964
126.7650159330956,37.43139043376953,0.3277175622329942,0.8585272142852216,0.8244888218142373,0.5863147097649111,1.1120312427522439,2.394970108799156,3.13970667389196
127.16003156738992,37.56117324070062,0.29035066803081105,0.9444797992825641,0.7614458647945331,0.5808084467590814,1.111632816835962,1.0081340638686063,4.326567673872983
128.98343486385005,35.18867814538456,0.31437817992618017,0.8307009102256473,0.8681863984871849,0.5800366427282213,0.7954892313503028,2.8728877717534473,2.356516813315665
126.75107053055696,37.42289503922451,0.328934238208655,0.7713056722280849,0.9016586578014534,0.5761905523330437,1.0676240686991079,3.94698215726239,1.7766765645256477
128.54471932664555,35.79541430807199,0.312000608438149,0.9499798542006583,0.6742870731688384,0.5758516751130396,4.189168726584041,0.9236086778856725,6.092851298867278
126.85691419833913,35.220427322569485,0.21845796036480225,0.92356799727824,0.937881372418873,0.5738756538496477,2.5569488195243646,1.3339284679629693,1.167569109432613
127.05838581423168,37.59981120258274,0.24526816045914177,0.9491555867397345,0.8313743533967439,0.57365562693084,5.023886049772887,0.9362457995018995,3.014243753041814
127.47104043388092,36.43941633863242,0.33771914760927335,0.8132136160116161,0.7883943322048734,0.5705025250490963,4.863177681950104,3.181215772908797,3.810587481149808
126.63518269643345,37.45510664923004,0.24495773717729624,0.975662617888479,0.7710187101979479,0.5693813959947813,1.4797866020858104,0.5350984682079221,4.1417489178257165
128.96934024787979,35.09591441198837,0.3201441716486564,0.7717179939652205,0.881313259132127,0.5678501358403197,6.425356080926795,3.939254336094607,2.127112360814572
127.31839247795344,36.35343189849389,0.25780493562695234,0.8562261443369416,0.9046931379930446,0.5667089387131675,2.7464983782283006,2.433918622895583,1.7249319232595723
126.9303093686552,35.16665332617353,0.3314737097749477,0.9172534300123822,0.6220316668244775,0.565319217256084,2.3572702043387017,1.433713265790566,7.231805153912711
126.83257192539897,35.135342187346566,0.24595246446530625,0.8902973544258915,0.874400951663963,0.5649456288932132,6.683910363321063,1.8673086019789433,2.247583498502539
126.81620980490082,37.587310749659096,0.2673822010086616,0.8032732191504375,0.9424954069926115,0.5631721476479844,0.7082791227788756,3.3593475474687713,1.0912964540911598
127.44990450106252,36.32519653182457,0.27393391469062756,0.8240215987041434,0.8894371169467145,0.5620608603458997,3.0453234320660028,2.9899075103194606,1.9864471223563034
128.88260582376023,35.20732908665707,0.28732458539569344,0.8417023511541368,0.8292001069153988,0.5620130194271675,1.7503213427813324,2.682113678711488,3.053776260269284
126.88260905319525,37.49793982327471,0.2872479672171901,0.9678801565329506,0.634290805302033,0.5608461916288868,5.870767463651006,0.6517669066551713,6.958724297181215
127.0484051025104,37.60440681005885,0.22866272676701094,0.9544274550941925,0.7968889769516604,0.5600373953020953,5.863529116083298,0.855604115382089,3.650662422332404
126.91078305195376,37.63646939791696,0.15345546848513852,0.9856916888931454,0.9302788734082257,0.558491015592158,3.007337400134904,0.38607654460559726,1.2938807764068496
128.9723263677758,35.078195675228905,0.27131199313247634,0.7968924994693415,0.9160447605787982,0.5579326985228003,8.408330775111223,3.474814870761192,1.5325400227289467
126.91693632682576,37.63885660282474,0.15245865386160176,0.966562011772405,0.9571545154220963,0.5576288335469416,3.0853103905753367,0.6716176557746432,0.8508851551208169
126.75092648000742,37.445797728164585,0.31746738027450955,0.8153564974280911,0.7631972205967806,0.5559800834850382,1.4928216617598733,3.1430909697685734,4.292627112957921
126.99572746429892,37.467045495648335,0.23452580490365893,0.8553661885725726,0.9048244835418612,0.5548376557319734,6.311575240456394,2.4485004592902597,1.7226952092452226
128.5205942478016,35.78324892196605,0.3274427406541122,0.8020545274450326,0.7335669242190916,0.5510511134043842,3.6102919116012098,3.3813327782881237,4.874753382558703
126.74903325649372,37.44706300171002,0.31318678569095987,0.8095096888399813,0.7566112518420455,0.5507685498658834,1.6554917405392018,3.247343086396794,4.420560566097175
126.98112276423196,37.46581762321808,0.24174044220724117,0.7930471605960225,0.9428009002222154,0.5473445493268704,5.948677539137607,3.5448329035375674,1.0862567268131387
128.55948447139247,35.9306651704712,0.15105799539774364,0.9277074688375544,0.9635279500578304,0.5465468283617042,2.236162925905154,1.2688735920802994,0.7472546544345134
127.40409680695625,37.241633569630174,0.5114193646099785,0.7115579030345631,0.380550806739535,0.5452872145632652,0.4359113363944517,5.111102245396154,13.54801273739077
128.9237789311708,35.173952772758604,0.34895875252090125,0.6241332572744068,0.912105550872913,0.5441404636173552,1.7438605119032033,6.995928377168596,1.5990938671993236
126.96529599045346,37.53154872341067,0.18435641852208587,0.8348982305012158,0.9975134857562976,0.5421503755626672,11.181932613544161,2.799816216332339,0.20354519584429823
126.9958842943372,37.59649303346638,0.1547464509897192,0.8866034084833193,0.9907536155146196,0.5415049711427793,10.537730638654828,1.927715246236169,0.3105201722294757
127.32613773274078,36.32349105575615,0.2421561208549902,0.8680481590674566,0.7984292020028768,0.5411783485483075,1.445367649551894,2.234882456079669,3.6218017207109683
127.32782301982044,36.31320821592068,0.22878709034140876,0.9247315652615711,0.7424170642156264,0.540296427592301,2.1255490246002373,1.315613605710139,4.699099201311085
129.16735312591567,35.17634602658913,0.16146819481157818,0.9353383307112687,0.8873936674277406,0.5388143301047178,3.2188161636019332,1.1496834001009102,2.02173659126247
127.31712398313267,36.35061129508944,0.21645344645528275,0.8371482583358271,0.8951060779535728,0.5383924163191041,2.7891948742092976,2.7607913271806255,1.8888714081072275
129.09417288435986,35.51506966938143,0.2934467084981876,0.7004902121962687,0.8914416897969186,0.5351587558673582,0.9382556875822251,5.3370254948296,1.9518894327582896
129.0516288112523,35.222791808003144,0.19741961679777123,0.8633546151345448,0.8817180656023762,0.5340598060597244,4.906982619379502,2.313587416627701,2.1200796346416784
127.04971275212291,37.345338966542336,0.48863252528625184,0.6528190978641241,0.465816287206124,0.533325249443588,0.8579498053509103,6.351007133445394,11.083694052324894
126.553367595645,33.253235600751076,0.11069725275979611,0.9605076368256383,0.9416368738080394,0.5318282921891975,1.4081135563217326,0.7631331555720321,1.1054664945944979
126.78383925863434,35.15352948446248,0.1446630555655246,0.8850904652753869,0.9676911947317833,0.5313969063117351,4.3123177789779765,1.952526613746052,0.6798500931871857
126.93435899338358,37.6370424059964,0.13725655331502845,0.8882436999113826,0.9796784271233898,0.531037072055607,4.341875593543291,1.9008617302599287,0.48703125584590873
126.95304966321036,37.43024617623409,0.3134609281824917,0.7507115642514196,0.7437310541587937,0.5306901441984305,2.836089150074047,4.3381162172806675,4.673150663867545
126.64146913069789,37.50018734154719,0.28403454380403254,0.8114045620255514,0.7251992569394596,0.5304784918975736,1.5916567073360677,3.2134769324575045,5.0422626079908035
127.37811915740552,36.449079936066745,0.38084035238867014,0.7045977645561469,0.6408671459771912,0.5299729347566174,4.02815633148774,5.252780994449936,6.813753976801687
128.54902869241593,35.910100068714286,0.18817128339928163,0.8367385049910339,0.9206364268502306,0.5292344785669971,2.0542838390121037,2.7678906061563926,1.4552412796631982
126.61717791054964,37.437905072076965,0.2330838401902173,0.8460131848894129,0.7937441417614134,0.5290947039142152,2.0749087158317425,2.6080169241227407,3.709719918742641
127.36592123757207,36.28996912000358,0.1767307519021998,0.878486884574685,0.8846232815560946,0.5288360976347243,0.6805960432303167,2.061304487472893,2.0696795806421724
126.911411545647,37.61308354175979,0.15002224327249997,0.9467089045939537,0.8463888590149683,0.5283015648174297,4.899913613208154,0.9738195318919396,2.7433599309635026
127.07240382942024,37.63569095185281,0.13253632778920613,0.9793292350220122,0.8361027842177303,0.5272874912447527,3.686802430110767,0.4804443763278587,2.9285394515591867
127.34977683486483,36.403397978339285,0.29069764684822386,0.7680798826400578,0.7534935462383505,0.5264714974637994,0.7090840132707619,4.007578396257665,4.481409056296712
126.64639707015748,37.5371056564915,0.25829302835598345,0.8188121196589242,0.7528529722498604,0.5253607445256411,2.3847467787712735,3.081814101842747,4.493934144895275
126.94088927710553,35.14516138142302,0.2685898671638821,0.8956914350774707,0.6075907908134429,0.5245205222678708,4.877794366476164,1.779534549730303,7.5583431126390765
126.7596994752747,37.68837165200244,0.19162728248580752,0.8884556200098824,0.8098253777770832,0.5243154028012851,0.8427532730552416,1.8973958510152673,3.4095447611107486
126.62466657962482,37.50300858433264,0.3054976175095917,0.7923166937354569,0.6644569297768659,0.523335202830806,0.71884494850063,3.558170663059394,6.302213627975645
128.5322114190678,35.90735169792322,0.20511871215523775,0.8055116394372214,0.890935898600229,0.5224000276288311,1.0218284154386568,3.319050142272654,1.9606033529293303
129.07769410613457,35.28753270540142,0.3144501844723475,0.5862726010365865,0.9455049377459362,0.5222078600963369,2.065906894867335,7.891918247366937,1.041703453000606
126.90707214032774,35.12028865991076,0.22477327454032114,0.9450669724803099,0.6311339506712759,0.5221335191485087,7.010978954866953,0.9990875844966312,7.028689765322867
129.11114218711845,35.25300288339147,0.2633040827725498,0.6582438033122899,0.9614462253954973,0.5214144274590614,1.3666062844293505,6.23210487622698,0.7810439774726878
127.033748830012,37.61275965718352,0.20455792152643532,0.8696792609696351,0.7908768097078777,0.5213581009956837,7.197498739176013,2.2076272907422374,3.7637185371702584
129.2061362463222,35.30121007741285,0.20256552943602876,0.7759841625023649,0.9349993875028889,0.5210778909693017,1.8304772647622747,3.8595297393664794,1.2153579909332775
126.62808488117312,37.42133721137568,0.22376671934341896,0.7798294477099474,0.8761382115488873,0.5210598362944712,2.563469893555357,3.7880317533062953,2.217237328280301
129.11484718450959,35.22819481727322,0.20931912720112317,0.7848041780691224,0.9018810460092275,0.5204770262231437,4.114690304536025,3.696036013970061,1.7728798011081186
128.54987123077055,35.96284101079271,0.14754403529731677,0.9268773376559122,0.8360923444305278,0.5190536878315376,0.5579259237622265,1.281897123816922,2.928728272034385
128.5314881568609,35.90595153610881,0.20309525837028197,0.796176954951028,0.8932637234959162,0.5190534603696326,1.140530415761255,3.4878191703985997,1.9205303329328665
126.61740736141824,37.43136138238831,0.2279850589149949,0.8087485894298319,0.811765855542483,0.5189702773949436,2.339805966353735,3.2609674016954147,3.373626200958375
127.38823192037736,36.30232168153629,0.14489017023802186,0.882611273410505,0.8954018398511531,0.516308835112393,3.057676980998027,1.9932728194003686,1.8837937158336093
129.12648681573197,35.529658102710215,0.2305340475112072,0.8032414978043396,0.7926987083620035,0.5147792147693062,1.5936820060579182,3.359919393130885,3.7293910092924447
128.69819386698504,35.84526117107089,0.2285223784752431,0.9673316554471089,0.5468517867294683,0.5138310432176478,1.227500192913291,0.6600239292764389,8.993319906684226
126.9424657296125,35.17843928519746,0.20655309914121084,0.9091442123269726,0.6870426863845516,0.5134283505456074,1.7094274339519828,1.562839066271547,5.824408935064913
126.60871182773222,37.44259583834695,0.22008040194419895,0.8431757254620385,0.7464544320787752,0.5122838050264661,2.7623977034813865,2.65674739522096,4.619476638843122
126.78388637465916,37.57186010692678,0.12722002550228645,0.9111068269065675,0.8746291070486989,0.5118678822328533,0.8858453423453924,1.531485586367605,2.2435954903057715
127.31652700587892,36.39486272856756,0.20817114185360044,0.8672139125934707,0.735083785747574,0.5112665018543562,1.0266502274241363,2.2488416001249587,4.844537539275532
129.055402150191,35.24540559129857,0.18028769810093623,0.746201704919999,0.9755904212162088,0.5091224447697096,4.8490646654696565,4.425148325814684,0.5525795985031057
127.30720028370236,36.33688329119251,0.2465836586017426,0.7446919319679797,0.8120622131953457,0.5091118515303343,1.2283455932897687,4.454397393864756,3.3681462461995126
126.71823660587908,37.59580247788342,0.2898110609258559,0.7611896849329914,0.6790078858888612,0.5090640131205977,3.041431081294055,4.1378360169670945,5.993081147902717
127.35242065962753,36.31110415589946,0.15148648117285432,0.9331321098818702,0.762633598132417,0.5082095931774716,2.5250600466893456,1.184046232440162,4.303543602181553
126.65056707037716,37.59539385234151,0.2554470237020635,0.9076056731352483,0.5407634569593823,0.5081579051834827,2.5690356804210652,1.5874636948861958,9.143002997255055
127.32685746140262,36.298001814817866,0.19306990180359224,0.9094208925518733,0.6938407106656218,0.5081293608004824,0.8611344439670658,1.5584150290697227,5.68280258479155
129.0539071785711,35.25173264090795,0.1913845115043303,0.7101385055909595,0.9942736117244484,0.5075885297743427,4.134039629342816,5.1398867054613735,0.25474482207917015
126.78065597734178,37.57022951776053,0.12881800594819273,0.9050749094195176,0.8554839715539745,0.5070282701107466,0.7365828140176932,1.6280572203511878,2.581037417627784
127.2983551554084,36.350156270001335,0.21483242186633586,0.7959370415136948,0.802271960423997,0.5066517154720758,2.879212364270139,3.4921818800142033,3.5499772533480525
126.76171374735605,35.14806618260445,0.17018455823832837,0.7736969321573968,0.9434064495388506,0.5058826486741533,2.3682185157339917,3.9022199663620234,1.0762707208539821
126.98447686743766,37.579506491998416,0.07906493812428071,0.9444914357019117,0.9065645106081384,0.5041928018943416,11.711865363398141,1.0079547304988266,1.6930874652513146
128.63443372152787,35.88237481049972,0.09174659529235997,0.9312519711099724,0.8909674145124413,0.50344237188166,3.3108913077725974,1.2133924536417067,1.9600602765547035
127.13191971618308,36.988398102184206,0.23114043867710912,0.9261867401789515,0.5492370408177557,0.5032736495557911,0.5835958766220424,1.2927402008087354,8.934981908551531
126.92163112846644,35.12462642170707,0.23381890241933986,0.9064516344822962,0.5716329528058623,0.5031715321155312,6.538456065094179,1.6059608847451505,8.395371320636798
127.32598287509364,36.39709212487424,0.19684067649659187,0.8542004755214918,0.7361323988088165,0.5019069606665068,1.696742105689707,2.4682895264969185,4.823675848685492
126.94019712692425,37.621875877962815,0.12093068835658338,0.8775987345143378,0.8904547815512707,0.5018359208428471,5.856162441808662,2.0759949593841047,1.9688957043997355
127.05908539441336,37.641817048319126,0.11904865403564324,0.9602671544570188,0.7705104708382274,0.5017065675225728,4.970069563860697,0.7667797449977897,4.151518461100594
127.30363803612207,36.311367952897726,0.23611726300616276,0.8055169171973299,0.6929880458600696,0.4983113158342942,1.7478440299679205,3.318955256633453,5.7005091377859785
126.95239781386933,35.176080948990176,0.19207572922538135,0.8532582737610517,0.727185028769302,0.49745235249486663,2.5794632204404926,2.4843033813299873,5.002383026554423
126.6189733278914,37.41237369740889,0.2015360159807381,0.7514999807420543,0.8522361322711848,0.4966652286672223,3.8164293784321575,4.322952929767984,2.6388512239920927
127.32543286561966,36.28747543582324,0.19378272552168982,0.850062061079847,0.709065758338048,0.49372313275240864,0.817014689870558,2.538754588777425,5.369247902440685
126.99892731921592,37.56330666598224,0.04051546483629312,0.9721017260665662,0.9079756190621716,0.49348337405055076,10.822263311370417,0.5883679245757422,1.6691086395033319
127.4433612881754,36.3059139902094,0.18487709831669846,0.734506963270939,0.8978655236046793,0.49236374286056683,1.851527471815075,4.653216725169572,1.841546780204741
127.29382924116103,36.38229908175439,0.18599894154334679,0.843804921822413,0.7285669124241696,0.4918543298032312,2.37498128953213,2.6459279211407005,4.974677974384858
126.61671503526811,37.41242236475958,0.19992177160664157,0.7412217128083782,0.8454063289464089,0.491408665435116,3.9127157055728903,4.521843488002909,2.7609744727847967
127.21397869718064,37.64468607091835,0.2891692327788394,0.7484889481617591,0.6104719997777409,0.4912257007934956,0.9863141319702667,4.38094557134963,7.492765913097708
127.40323481835472,36.30899714636866,0.12401590347900718,0.8220910396999396,0.912573051066662,0.49114987386281783,4.168312279389372,3.0239011490596286,1.5911837529707156
126.74474050819244,35.980034460588456,0.10798768993210521,0.9463652524329603,0.7527959138587413,0.48846260346768894,1.8464872201562719,0.9791045492686137,4.495050183307278
127.17864981458212,37.691535655992006,0.23837156162644757,0.8665164496439062,0.5435794530418044,0.4878566063147565,1.5586483621344909,2.2605219735051767,9.073631767862379
128.65335071689773,35.85594595158453,0.1945546144489483,0.8183285652437194,0.7225916900007265,0.48729421479773527,3.1544134507464676,3.0903736883992345,5.094750547818386
126.9284678404444,35.20151130626079,0.2122643908397647,0.8503504860024229,0.6259632740887949,0.4864299960383682,1.3828322750722253,2.533832812399657,7.143819047657101
126.99157812225808,37.56291644174146,0.03835844453427791,0.9363397761325531,0.9268214235681436,0.4854454398205337,11.471317712781401,1.1341113980390904,1.3515895081229912
127.06960042434068,37.54534744358494,0.06373952639390945,0.9749047716880355,0.8018722377965322,0.48471564226267183,5.433221083036402,0.5464196956947697,3.5574364053602587
129.1448853112015,35.564117518466226,0.1603929232088492,0.851606070042987,0.7427622474911701,0.4842307321155548,0.80026875869804,2.512425916447992,4.692279296648919
126.79329216198092,35.12634826659789,0.142094373549597,0.7422985920036855,0.9496403785086882,0.4836648400776418,4.526631212091877,4.500881129730688,0.9737569449327744
128.69280378868723,35.86498702179719,0.22467140440595113,0.8321366256128205,0.6074149392340168,0.4834596777336251,1.4310363328422286,2.847853187525768,7.5623525192587735
129.13647075884003,35.25009547002865,0.22540343985639977,0.6389715358327993,0.8938111822817829,0.48315541713439625,3.2281561573617052,6.658871088867481,1.9111175947625396
126.9551438294152,35.1685025355647,0.18076648856113012,0.8263318573152354,0.7242535572100043,0.4831335129171366,3.305901737719374,2.94932904746722,5.061282763441685
126.98984596138152,37.54870031838093,0.037097878125474104,0.8849704121796863,0.9901015211775223,0.4820603669521474,11.867541685995873,1.954497171628448,0.3208698926442922
127.01856170729349,37.53977729336048,0.044400836208262455,0.9033636158896872,0.9369657503567728,0.4806026529423919,9.734977627447662,1.6555688092852525,1.1827395206597655
128.7236547705713,35.863679017898285,0.26225231006218624,0.814170427749326,0.5253355173947754,0.480444386834846,2.3973648617898524,3.164180803192182,9.527396014467586
126.79871475058437,35.059849171035154,0.15853841077804087,0.7719472613724897,0.8475042059220532,0.480354224985178,2.432337616450001,3.9349590795962373,2.7233830666055043
129.0429270435737,35.273606097800304,0.2336542334311641,0.6355725152798123,0.8614649244352615,0.479791856186578,1.7444695601919107,6.735415122297483,2.475007567646606
127.3332601840136,36.4146012519003,0.24980792655376277,0.7421647170720164,0.659251154115186,0.47940360922152353,2.525126939327813,4.5034855237587434,6.413980261013815
128.9223491577892,35.11112405547589,0.25650463730718365,0.5905232086061738,0.868119450019556,0.4790331712393552,5.431941832194242,7.788617128965482,2.3576935722205663
129.16854959044983,35.200877441994066,0.16083209154154995,0.8118182679787741,0.7746466174020895,0.4788908496448251,3.266050785909317,3.2060931238339854,4.0721503676484065
126.61453653626305,37.51894048046047,0.2844788424592577,0.6944953778595762,0.6370726443773738,0.4780025634629764,1.5729302966913283,5.460832961062927,6.897272530914298
126.7528882220022,35.16174318135628,0.1566502570967403,0.7605906960262506,0.8574076983312001,0.47798387702248535,3.359882197816242,4.149213389207306,2.546872382294287
127.42619206206246,36.2956244079377,0.14926406203957684,0.7271160721486818,0.9185526528884382,0.4764773832420806,1.9520111886811007,4.799161365497366,1.4902837041483539
127.09629161104063,37.53575615993386,0.06838259039324698,0.9201827655309653,0.8282673691044288,0.4758995986767989,4.595207806513104,1.38734041978246,3.0707594332981856
127.43346007165027,36.29890784283477,0.14488816254655393,0.7298220708518205,0.921679138093369,0.4757265301474969,2.307973151253975,4.74556229588319,1.4377292278181983
126.5224118062493,33.49237547854485,0.11693209873545989,0.933825067362783,0.6849116984829164,0.4755959092731481,2.244817622292292,1.1732446414174742,5.869005714185139
127.05675826499868,37.55716611550631,0.06119881643981395,0.9396890394564064,0.8118402036354869,0.4748741607839263,5.917832617417505,1.0821490695788367,3.3722512879173085
127.05443689585395,37.57413276609445,0.06134101194190442,0.9255907143241605,0.8290064441213396,0.47414900909246827,5.890187209022901,1.3021047136740538,3.0573012620240023
127.33615988396768,36.27191724525126,0.1889316485369653,0.7732661929069197,0.731915350584505,0.4728287522574596,2.2448505215025234,3.9102731524636942,4.907704681916433
128.91891366500963,35.11265817943762,0.25892711138963864,0.5777608006109511,0.8481424161819461,0.4724202791144939,5.319341362715545,8.100941279802784,2.7119611170183116
129.12904412324008,35.60424141397567,0.20584598869208257,0.7107437375449371,0.7784283234376009,0.47183178029704265,1.3636015444843348,5.12760623818821,3.999858205608011
127.01924322691028,37.55533815289316,0.04652987514151053,0.9318980822125574,0.8443277942875725,0.471699921092037,9.178485256894211,1.2033011264066142,2.7803280379888498
126.74420600864777,35.14213786253294,0.18947664373314874,0.6873902963757003,0.8499285007282825,0.47094111092494095,1.0828730339995605,5.608905337243658,2.6800304688018923
129.1650928924363,35.61302982691167,0.1939825770543178,0.6080591057824775,0.9564152037025608,0.4706920610024143,2.074310219091164,7.369813425853653,0.8629410146449344
128.5916073685959,35.92967287484101,0.12657522954585282,0.7682934784339446,0.8775822168882496,0.46929210168075974,2.0802036045038537,4.003558437015006,2.1920486749960686
126.74992155678896,35.164243038747784,0.15378787182479683,0.7479624996839155,0.8358111288506713,0.46844491158770735,3.5805361613429008,4.391108063421887,2.9338151825379857
127.41462399654294,36.27828895108716,0.15659552408633176,0.6971489203934434,0.9020013126006624,0.4678427006813314,1.3783192323069513,5.4059049560960535,1.7708268279472417
128.79652543354067,35.80021205761691,0.1173010400249852,0.6964667681500867,1.0,0.4675905504575186,2.1867424594784937,5.420006227870773,0.1643395959203598
127.2273849212538,37.56464983229257,0.1871863560129586,0.6439507380997913,0.9032726210051905,0.4674329236374548,1.4168081328562063,6.547442760499827,1.7491382341255055
127.37334750010784,36.43298060359447,0.2577693832179225,0.6740948152768412,0.6792873287796907,0.4669706019479517,3.7624764562406785,5.8899769234722426,5.987190946036243
128.51576846632727,35.99860684251141,0.19896078438107148,0.6569209932434871,0.8381785522553535,0.4641924006146526,3.3002721684746397,6.261012320090355,2.89103119258982
126.80869205936372,35.05317613412332,0.1312305916272345,0.8020722413744402,0.7890053425497568,0.4640380367359007,2.2645812630603612,3.3810129876378223,3.799041468808476
126.95725196041676,35.21369893451335,0.20478234759367098,0.7250043731273125,0.7156958356197954,0.4630316528589884,0.8923299548734774,4.8411222996312055,5.234225299176002
126.4916314353186,33.5012339845771,0.14594170688250258,0.913003266670871,0.5773615145778117,0.4623441363580749,3.8544066010791043,1.501251404930015,8.259653347977057
126.4834591595642,33.4618640781574,0.167135161855037,0.8137695011676387,0.660161686956442,0.45973076866909846,2.231966176618494,3.1713165007633317,6.3943862371269224
126.87236391125369,35.235370056074245,0.07151279182444861,0.8559689216463766,0.8353560149515679,0.45961827539645084,3.992624631036379,2.4382787327023823,2.942050483218439
126.95223550196592,37.61289558654334,0.10707870617534207,0.8091626356623087,0.8158603616966469,0.45946021612569304,7.310215445505753,3.2535540933969527,3.298047224305107
126.87036007402968,35.23630582579793,0.07087295790146869,0.8496771405995193,0.8409253637406652,0.45852469387872313,4.099791870543734,2.5453255133842765,2.841505343280639
127.48950418315292,36.39899348820276,0.26262335512286855,0.6181352969610425,0.7088464017050864,0.4585215469907643,5.504664017360406,7.134353430077727,5.373730751773953
126.9168238559535,35.22622504602057,0.1701504900514761,0.8074883667328107,0.6503239091402447,0.4573865368736302,3.1101167410865576,3.2835536851120635,6.607111906467942
126.81141519552864,35.11429163998044,0.09940820978107091,0.753700541461539,0.9063029584071467,0.45707485901042655,6.278624778948521,4.280711376284407,1.697535155757096
129.11160715540453,35.57855594009302,0.06736687538457346,0.8676442644012581,0.8137687698726118,0.45673047098718655,1.0642747051504804,2.241639057054238,3.3366194598415024
127.39838530370967,36.28466853495953,0.047507103557890805,0.7770193971432914,0.9904828730463326,0.45495594553119934,2.694014343043976,3.8402473731334403,0.31481661325198534
127.39461675089674,36.28351874745305,0.048812821324252104,0.7846967308939011,0.974923705562154,0.4548001710427272,2.371679469055403,3.69801704261041,0.56329032709222
128.9335173846235,35.220887019757775,0.13042582086701118,0.7647209105939764,0.7930953121874533,0.4532482460491892,0.3063602127717962,4.07093770587669,3.721926152025985
128.61358964476204,35.83333351847614,0.14044621459189455,0.8120072803549494,0.6966909517854754,0.45316348175952714,7.054345761893355,3.2027208471750463,5.623727616270815
126.89050315344527,35.22559171063647,0.0738916926186365,0.8720244839866025,0.7670622447192049,0.45196564044913995,3.602366283093883,2.168525990153486,4.217927716146726
129.23687760342528,35.23996527513098,0.20015156871578266,0.5413165441988544,0.9473036141450498,0.45193147044655757,2.8124515543421453,9.030371183364695,1.0121223005255473
126.994042741778,37.00855971315736,0.36137401792441015,0.6302674176882899,0.40970918222877795,0.45170907071444766,1.4049691052477091,6.855669025129341,12.670693891134494
127.4917662979984,36.32954401500304,0.21306867952106084,0.6842947650190292,0.6938731765106769,0.4505974045683746,1.2028841046162437,5.673877264058746,5.682128704354499
128.69669831651086,35.81637699928585,0.17960978711948605,0.8369458320082851,0.5402109896946459,0.4489308411011577,4.11121098713799,2.7642980926991276,9.15664114424507
127.3930951938933,36.27940464838162,0.050595755744634985,0.7699818091385928,0.9608151775557875,0.4484554561250529,1.945069568893479,3.97182122635178,0.7912980581464549
127.31653047278532,36.256962789465845,0.17892183096872497,0.6713245945577951,0.7844447924919502,0.44774725235009105,2.8964813565315644,5.949209379111356,3.885381542728212
129.27695041780984,35.543804649462004,0.16788318386906703,0.9186777291731443,0.43817656774222147,0.44718022423492104,2.295402990541666,1.411147990657829,11.849761261399443
127.47628429016252,36.46425082605126,0.055509068374176095,0.767859686535162,0.9437667914570683,0.4468657984390503,4.662028315979323,4.011723704120625,1.0703307518674823
127.02071421099834,37.172672974169195,0.3282791369086645,0.6801141687916838,0.39260005863277464,0.44669383081839237,0.6456250044966101,5.762072636959162,13.180796978084825
128.84343082467248,37.75194926984778,0.14445228328748302,0.7809731499428842,0.7003244872286409,0.446582984072335,0.8552967992718207,3.7668317145811314,5.548669981410199
127.61630582444393,37.30950946634351,0.015697603883653363,0.9426222677568106,0.7739085869500633,0.44541719965888255,0.7716354038696049,1.0367887257030586,4.086289291952296
126.82888642754946,36.69728081282365,0.06932158648003853,0.9496037068125142,0.6281707049869956,0.4451760462811726,0.34346068350402104,0.9293741993505922,7.0945877244640245
126.74448758057405,35.17243590690983,0.1429841793885752,0.7210852180954146,0.7819540453186948,0.44420846418665094,4.451957758037727,4.919311103288998,3.932694074221337
127.32871682933111,36.25760725677762,0.17633403548456478,0.6887255623515621,0.7390854517794776,0.44260177680364654,3.070863558190576,5.58096616259975,4.765042832504514
126.56018650100059,33.444258477873504,0.012973618132003066,0.8219889440797098,0.9467536650643714,0.44243422530278875,0.7047672875402752,3.0257010141087077,1.0211621572195813
129.22527296903212,35.43006985194637,0.1363281538240836,0.6532299090042735,0.8879666313680687,0.44172637588693764,2.8319398232739594,6.341969645407803,2.011835474051637
127.1749463388825,36.72241532421128,0.20330087181363027,0.6735434686022311,0.6857557787196078,0.44086463223140604,2.327616510309132,5.901747109001694,5.851329119663417
126.73406466371851,35.158847389179755,0.16038013393503422,0.6741580311129194,0.7868504859401216,0.43980757348941724,3.07831228442765,5.888627977588227,3.839790644754711
128.60107312825568,35.24145461246436,0.19276870423496384,0.6808467614442579,0.6953313462916835,0.439704649809096,2.102907636354365,5.746580075686656,5.651885450763144
127.29167053618797,36.28030429982552,0.10935854684293972,0.7039483131848464,0.8657530374136009,0.4390143748596439,1.904184625464574,5.266069570718178,2.399332746848483
127.50005872891111,36.385170609213795,0.23275718177798047,0.6119058900586476,0.6928715414103301,0.4385246661886506,4.996514892402335,7.279485223824995,5.7029297027362
129.134075691863,35.22187491911092,0.07828422664762671,0.7741062829546265,0.8350227520403459,0.4383785486182705,4.302553726717749,3.8945706678121197,2.948083037770212
129.19783813974828,35.604119936845485,0.18823456886087697,0.5658905525369189,0.8711416346385562,0.43811277711922547,3.781385411795541,8.397387812115445,2.304641239547977
127.30994105896905,36.41743500205448,0.19376208961822158,0.7257156970680246,0.614623355298762,0.4375204249892706,1.885467694890636,4.826974681806418,7.3986562859076175
126.76922799983129,35.113134167384196,0.15962974253038267,0.6459194600952608,0.8166063835924533,0.4369119860122602,3.134431229980284,6.503612557033932,3.2843073887011967
127.01389897363094,35.986114294785025,0.12009512466918722,0.7044547138087955,0.8252482021777551,0.4364336169127833,2.318671574270675,5.255706978442629,3.1258311455089745
127.10203916083984,35.843273038251006,0.13248325947316228,0.8090151199675721,0.6365489579355919,0.43625595731397115,4.800755604521595,3.256194874282007,6.908826524008891
126.96976483051633,37.62180555249425,0.10217417433894943,0.7333305254887381,0.8230021956682098,0.4356866839497381,7.870412949787109,4.676352504823333,3.1668984635496806
129.20101226208067,35.45188629728583,0.1597506762870042,0.6601275691535529,0.7862286165572714,0.4351593322010222,0.9351709156688309,6.1910347517679485,3.851565890382169
126.7783455620957,35.11072456397886,0.14923059498505678,0.6473497691199259,0.8301977990979149,0.4348597880480891,3.940438285304134,6.4718493227170955,3.0356263548251534
126.67021159651888,37.37711471072185,0.06846823414642135,0.7978448350498824,0.8050050282978921,0.4345885732477538,5.925078624681785,3.457524601765719,3.4990503688639127
126.83481878812748,35.06252287648105,0.15888129355105352,0.6929774948342539,0.7337232002636404,0.43407853527853096,0.6719333599072138,5.492343625940253,4.871638257572575
126.67391544445537,35.105653220903605,0.13667370379857324,0.5540561595128337,0.9975570690619616,0.43406511356552907,2.8977980932688596,8.698888633042827,0.20285734291647606
127.0254098087066,37.74880527230044,0.06592273776429103,0.91232502593258,0.6356439781069801,0.4337876722833155,3.3733898911274163,1.512057327350169,6.9288086668818085
126.90808624940853,35.22129292360721,0.073827244467534,0.8592796755034939,0.6882315750040238,0.4323438398856199,3.612773433272298,2.3822556638536296,5.799571321399914
127.41271084741258,36.262529534715995,0.14445565721719622,0.6447484542151767,0.8291623504508382,0.4314848349633188,2.3437359892940273,6.529667549172445,3.054463445243227
127.68029937576172,34.77606756924053,0.07432621122261081,0.8751642257468534,0.6585315738300104,0.4314186881013635,3.4463326300136354,2.1163369480784207,6.429478711954877
127.89224427435212,36.97445232936811,0.12099818616994422,0.6387326849392938,0.8944063699648037,0.431000172559721,2.5672191141172402,6.664237136024045,1.9008892529587191
129.19944325152886,35.431778460752405,0.05353332087547327,0.7453863000795681,0.9020485402436834,0.43079225851034375,1.1225230383128968,4.440938207818343,1.770020700888594
127.25521039418312,36.47316524050213,0.12461126870645285,0.9575278210946436,0.40410123224557387,0.4303842271307343,3.5503722873386425,0.8083807096816483,12.836464029638385
128.1426194325784,35.13426362318926,0.07410806210471046,0.7726006427323442,0.8054924519444366,0.4299327142609458,1.884241249666271,3.9227249176250494,3.489981523348179
128.69804404109397,35.891052627982965,0.139270818522957,0.7953506427973197,0.6081689220597408,0.42987438651262255,0.5437787086561341,3.502850600562399,7.545167413175415
127.21908448555584,37.73483749209856,0.1261698036928882,0.7530476548707874,0.6989458712133466,0.42878837255034963,3.498681971198062,4.293231659284943,5.577114783708473
126.9698340996188,35.140177664832414,0.13738494822092823,0.7538440781367212,0.6681283170281959,0.4284713609571197,6.589470867308617,4.277960201301193,6.2237638077468995
129.1354672966641,35.58283324960164,0.0631452879398961,0.8183599672206543,0.755583293711008,0.42819729287834596,0.383339553480448,3.0898176813538694,4.440602850978838
126.81983101777776,35.07935735290716,0.1344535856071648,0.6477183758529692,0.8324423449877315,0.4280307745570195,2.669000176552035,6.46367446850914,2.9948539352055064
127.27578546364911,36.437155486540654,0.22992031917534192,0.7198062544941677,0.47986913841234374,0.42687586361839003,1.0541840778218847,4.944915426922394,10.705172560408306
127.49985568869496,36.32441773035698,0.19727753783036178,0.6537596564261616,0.658490891751836,0.4264648441933966,2.124883713015358,6.330323694704188,6.43035528874481
126.74110163609116,35.11858592850796,0.1820792028479504,0.6048452377160585,0.7664353087489115,0.42578023448857505,1.559598963416883,7.44569912920578,4.230025578323065
128.1091631054738,36.62553796314686,0.16389661773335595,0.5715998746708431,0.8610269487875907,0.42563366102544903,5.066912032312284,8.254072253536636,2.4827529190259896
129.27600754632303,35.43149945781068,0.17184744305019808,0.4800154116731981,0.9782345261587444,0.4255752502588073,1.8064923861814604,10.736638298601527,0.5101586764157696
126.84197565508288,35.060851565075474,0.16366682161673696,0.6783817271106759,0.7008495921941663,0.42551784738040455,0.3168249687350614,5.79877337298683,5.537846190271086
127.74222053279065,34.77845458097677,0.05669128965131607,0.7662565298492892,0.835105071195457,0.42524361801953614,6.673873118637963,4.041938556072461,2.9465927693544933
127.3214183391442,36.421579337246385,0.18186255325850179,0.7088699590737803,0.6069515502980201,0.42498257441098897,2.6441960315600435,5.165658832694041,7.572921613484174
129.20269745325024,35.36076363549234,0.1430727454420326,0.687191628589985,0.7284082194229834,0.42337550518260847,4.273976360589516,5.613066723279434,4.977857622198004
126.72729946796763,35.160452096362285,0.15518919195222639,0.6471561365745087,0.753689761098047,0.4224793891680752,3.4720049696779025,6.476145435226449,4.477574052658474
126.83818567557717,35.06970922996192,0.15777522562275564,0.6547377941526042,0.7344886798646044,0.42220668703007996,0.7555256819275992,6.308844077492284,4.8563865923909
127.14104617027859,35.80377602307595,0.07298330538149879,0.9112196208766256,0.560815243387046,0.42202058763114625,5.083511634798899,1.5296856516819284,8.654197730494149
126.95157811075578,35.12054680119212,0.14082905658061146,0.8050383196467453,0.5483696422636355,0.42159995263705646,5.600771247814196,3.327562112504486,8.956176859965504
126.6826713332733,36.57449633990255,0.021489294368941883,0.8292712685426736,0.8073555883550484,0.4209971454182827,0.4843335491455612,2.897858035224644,3.4553544657053337
127.93520373943971,36.9870655206412,0.0065389873754038074,0.8239239207330309,0.852537008249756,0.42095407155756237,4.420665516042589,2.9916255930064475,2.6334883921651753
129.19269723130964,35.25814882674947,0.1906778610004204,0.5713791328588959,0.7679421294257333,0.4203410962430256,2.4644528484576984,8.259587947839792,4.200961084019552
127.00088640721276,37.75031999612407,0.07189066340911139,0.7925395867510592,0.7303004820002614,0.41976730412992574,2.340230098447464,3.554099551658818,4.939976240415375
129.1227032689299,35.625087105913444,0.1810866255305674,0.6085887600410843,0.7324353315266181,0.41960700708293264,2.8978347392295714,7.35734401980722,4.897324448094211
126.75647719345704,35.10971771572959,0.16466095264255823,0.6078064869534557,0.7720900016806777,0.4190904227434513,2.7630901139878783,7.375764367449001,4.12117182017628
127.28621750491676,36.41824967435521,0.2014219090387132,0.6798902883409573,0.5702593858974475,0.4187299182011333,2.6388208279394583,5.766810360525921,8.42805046793516
128.62317214830145,35.951501916843114,0.12906324868609034,0.6888630545898901,0.7348850414102323,0.41816754900205866,1.8474390045207443,5.578092220804213,4.848493923653271
129.29114434893748,35.32661265703615,0.05901091123194085,0.7376615952170708,0.8364485381688623,0.41809364181486414,2.678964515094537,4.591353419890645,2.9222869378308833
127.38307567996402,35.45231650541448,0.023065931315201973,0.8214371232889365,0.8003131838741019,0.4180267394191023,1.7367009535206477,3.0354329182644713,3.5865562448061072
127.2484441224348,36.46702388473184,0.12587438056833092,0.9001316044271996,0.4247443384772037,0.41792553930776605,3.429783504550801,1.7076662464005103,12.232920064657657
127.21204184794148,37.00009136812059,0.030127190647974148,0.7451180671323646,0.893748865325854,0.41734878852886725,1.7018890819968595,4.446136031779901,1.9121888185701565
126.9717799358088,35.13642033413708,0.1249298234859529,0.7442683894351673,0.6565886110700259,0.4170631507875318,7.033414298622678,4.462613004375383,6.471386691888042
128.49384856931962,35.760784225242354,0.1722873657597112,0.6458693187255979,0.6833255176477131,0.4165695820270776,3.6713541203886355,6.504727280313047,5.902265585616531
127.2142550426806,37.03615457997216,0.05084006526273644,0.748865429520628,0.8303914414721472,0.41615794978198606,1.8090433075699253,4.373682244926152,3.0321055421106835
128.55091453166293,35.31177802955645,0.2362222314546241,0.5747919726007016,0.6264230947409793,0.4158333264557184,3.5782263442867643,8.17453693115157,7.133553880190345
129.28769840416163,35.33825821218361,0.06575206305163162,0.7348342826247799,0.8114568394785925,0.4156176842089683,1.390310120256568,4.64678601581038,3.379341822142547
129.14368105953776,35.280934511042794,0.2017499642923479,0.5093416117928347,0.8077602613073291,0.4152295179454902,1.0484791310943449,9.89612480931937,3.4478413922399063
126.61205566351884,33.44708361962583,0.07873138395256836,0.6319653046270668,0.9243870135812615,0.4138326860806565,4.32996168006095,6.817076980357678,1.3923226826130193
126.68180571846968,35.043773513865446,0.01297719458551777,0.7989290827807747,0.8371545673693731,0.4135982356008659,3.679335791534221,3.437863614128288,2.9095253792836253
127.26995178690701,36.296963423442406,0.09909022026510923,0.6507003689339914,0.844159555258058,0.41358713186436363,3.0822731867702924,6.397703983752758,2.7833486613015186
127.26099728918332,36.292929891186965,0.10068997092884312,0.6122182452488584,0.8944137982118143,0.41289321868144196,2.8909548648972363,7.272174482060238,1.9007616310603417
127.292573570761,36.427997339536006,0.21849612941732469,0.648681847928551,0.5429608295289968,0.41244478499302706,1.66452533698615,6.442327879614089,9.08885076461669
126.9639029447966,35.11959961132163,0.14536713937738752,0.7517986593856818,0.5701260467051052,0.4122483768454194,5.221382685468799,4.3172125682385545,8.431225645724421
129.18382490126723,35.44172762518951,0.05123969723489855,0.7467848104406557,0.8052534041226999,0.41070597257418595,1.643496173915763,4.413866981192177,3.494428655378483
126.78795398502862,35.21405534265231,0.044467033736529125,0.7782903798430659,0.7717471656629735,0.4100700639537791,1.5505975730007084,3.816607790939075,4.1277546250856885
129.287664602883,35.429022859933085,0.1680460050492671,0.45326249913978567,0.9479794733361581,0.40959764693380085,2.074211301805961,11.546777487196062,1.001018374000629
126.72844376741564,35.17360504233021,0.1389186705129285,0.6513963411482177,0.7223264849202022,0.40934353458496997,4.796993440538578,6.382348695797528,5.100096609293757
127.35240969398149,36.268706256089914,0.049324897353273466,0.7481683806163063,0.793557213567382,0.407824405575005,2.247592755730094,4.387132945190489,3.7132357780732725
129.27077786307595,35.524634705089284,0.1162673452231427,0.8264319094021212,0.5072425475926544,0.4075117549507386,2.101013183252338,2.9475741633649077,9.987808264807654
127.0418650099629,37.202599643766085,0.23477320103590962,0.6158377617692945,0.525830894116581,0.40730410787205934,0.7983855569406899,7.18771775628536,9.51493802193317
126.98359203116422,35.13361869234719,0.12742253408698756,0.6897267684173519,0.6687826132410193,0.4043858202169032,6.797184661896141,5.560050961255204,6.209815123950395
127.21467873622188,36.50937545952749,0.13628040386016732,0.7793197282155009,0.4996783144911721,0.40187178329296835,2.479905986763209,3.7974897417331963,10.183482272241138
129.16925447718648,35.58125196516608,0.04941198912808569,0.7039026429807109,0.8287071027301337,0.4016182080042829,3.302564304676027,5.267004482619234,3.0627510217908798
126.76636533260232,35.07462821648931,0.049632135975092695,0.6650830254728584,0.8840475536258044,0.40115048635456474,1.296071170591289,6.083529147164812,2.0796572960091053
126.97240255524656,35.10002848626052,0.1752175717438599,0.7083714867523714,0.5048925749589153,0.40109874688942443,2.986539847842609,5.175798059384048,10.048393374367299
126.7385675768651,35.11001582378992,0.16777576915684914,0.5695605489154919,0.7222613408435382,0.3992083174217798,2.5388227055888075,8.305106408667735,5.101410016356258
128.468029706509,35.88916892375717,0.09313856835547657,0.7621106144468371,0.6167189146984288,0.39854625145147515,2.2954456804307686,4.120360425806683,7.351318422360043
128.73488063340997,35.298298725506605,0.12029475709717655,0.5991666666432609,0.7912647549224079,0.3981503295260481,1.8394951474839456,7.580726952884437,3.7564040807938732
129.1597913017858,35.34971302019378,0.10567772790927708,0.6548551968540742,0.7422582213821405,0.3977470672872889,2.882159700859116,6.306268014889506,4.702238295259026
129.132217674442,35.333613458003015,0.11988575705637816,0.5609962865420565,0.8468097176375333,0.3976037080183127,1.374486152476817,8.52134334689604,2.7358196309366623
128.18047952570387,36.37342807924828,0.17850845279973054,0.7070265745415417,0.4770870183110352,0.3967796024245348,0.14105344000013298,5.203188622988964,10.779543956347162
126.6771143457908,35.044307752148505,0.0021584706490527365,0.7755770139102169,0.8141458330040635,0.39658150609840415,3.528212728178813,3.8671201193346962,3.329660325112997
127.07574553958978,37.369789316048795,0.14692571666825865,0.7521073388340687,0.4818567227978162,0.3954664045439132,1.3431930161729724,4.3112823067907735,10.65220947929361
127.31782010078416,36.444228088284106,0.19767700146488124,0.6441452115121363,0.5165547392829202,0.3953930120426655,2.8635194300721016,6.543107439814892,9.749517291305342
126.90207012038776,35.25157787368301,0.09367367587079102,0.714476128494258,0.6700568232188597,0.39519104112744485,0.7712055386211937,5.052095482588087,6.182678630791564
127.29253911261316,36.487652092327856,0.1638126160248643,0.8179471755802927,0.3358939298467953,0.394469246655879,5.112787148252796,3.0971282637492803,14.970999810923844
126.6425498589629,34.60257903710869,0.05389331807249839,0.8788255970870043,0.5191744791937254,0.39442923400109553,0.31078603999287946,2.0557057908283576,9.682988950014654
128.81617422639331,35.14708062270645,0.054650940505831115,0.6260086508434523,0.8961002313974589,0.39434811178544305,3.188750510115378,6.952907602382347,1.8718087205832392
129.30131921725803,35.429068704152485,0.1598787209407727,0.4557774790593445,0.8836390669123972,0.3934004175706691,2.6704314444948034,11.46872738759494,2.086739639342043
129.05439940168534,35.53605297411148,0.049249348952847216,0.6559882963723417,0.8555385444487801,0.39252887227788213,2.7730533188932487,6.281428137827166,2.5800674082372157
129.28086124773628,35.35637515562516,0.0678746569363427,0.7006005127978479,0.7403792585387345,0.3921933340152726,1.011616291732256,5.334757073994421,4.739408287321488
129.28998915229536,35.449300895398274,0.10617408041755967,0.5318068022849919,0.8977698501007163,0.3921830509144207,0.41361489544458296,9.282677436365558,1.843185712896295
126.7104527157177,36.02857668679363,0.041905890961369235,0.6658101790079274,0.8571940242248391,0.3921348040280307,0.4108751628926496,6.067818620401264,2.5506643153430244
126.6857549463474,37.62126403464682,0.004038642587443182,0.8647239234957351,0.6529327285826286,0.3920230440589678,4.5767599578728095,2.290583102818061,6.550479687759025
127.20897891699992,36.50510760928213,0.1259108764794035,0.7456490704288294,0.5255292101715524,0.3917560014026611,1.9358035485249867,4.435847984113858,9.52252400339804
127.19745904814424,36.47412571537581,0.12878511671426116,0.689296056241575,0.6022472697955674,0.39163082918871656,1.6659119236361921,5.569044967366591,7.68053541035949
127.06909239752432,35.79682869374172,0.1283949184115723,0.70832518550711,0.5737628628343385,0.39144758742478686,1.0401733815550593,5.176740202509524,8.344803033887914
128.61241591011446,35.77362974123885,0.21001635468600602,0.6433455209325715,0.4661309977686481,0.3912380331765041,10.37515153707573,6.560942656093939,11.075138249952795
129.2934560560853,35.4638018005552,0.09707124033589595,0.5964577638104828,0.8085519248696454,0.3891833342850219,1.4844566982697958,7.645571312240479,3.4331516882930235
127.07047009407997,37.352980753828966,0.1508797714057595,0.7417984342664063,0.4540340820348531,0.3887862323897723,1.025484948187419,4.51061347708622,11.406670501990693
128.43161940530203,35.79965654149321,0.12821507049390604,0.5853479027676013,0.7446682185516021,0.38864554978755383,3.1599569012528863,7.9144854123601736,4.654664185349388
126.99272742513163,35.03219468896556,0.05238941902548302,0.8181289286632806,0.5814031318905422,0.3879140144898341,1.5205399493479492,3.0939089589297106,8.164452633498348
127.19192799671076,37.89681360309498,0.026019443671716446,0.9620432144148162,0.4297131875392506,0.3875653236681532,1.5638950671067013,0.7398690811513479,12.090325120539744
129.3377229133762,35.65050527686275,0.13945952154433736,0.8480285077044502,0.31707368179701434,0.3875530494429066,0.46470570617151064,2.5735017108288756,15.602417776125726
127.32851764336183,35.431180080020496,0.09826345561091739,0.6259972433059985,0.7483677936138514,0.38660445952002853,2.0885584421499446,6.953168914079583,4.581852886719418
129.2211948530974,35.53608654312682,0.10958834161109239,0.7439891986827313,0.5396372672850734,0.3859183838673803,2.808111883918619,4.468031031959978,9.170813843858365
127.4334525462182,36.254079812220006,0.1400373522224026,0.563112357664528,0.7342878474165432,0.3858099528938683,2.7153140764950634,8.467624534919393,4.860386918281116
126.77169509021884,37.7903108983435,0.03449369311738661,0.8083313321669174,0.6298421270440201,0.38571467161757256,1.0890035194928438,3.2684419104067186,7.05739121485592
129.24528547035487,35.401799735719166,0.04063543205947303,0.5982550240612071,0.9281138810428832,0.3854169994566753,2.0481338032281036,7.602518116432598,1.32999744379244
128.4970551914755,37.170947542798494,0.010800772776533952,0.7934005203788136,0.6993020929739765,0.3832809610967064,2.432734949330983,3.538385081093828,5.569761030119024
126.57803087723897,36.724410405534194,0.11106353329793639,0.5276515865398413,0.8463510201899224,0.3830974466489051,3.8596985334908975,9.394267343424055,2.744038008367151
129.2129509319379,35.629834404688864,0.15277468061152172,0.5123834031000776,0.7619912308614234,0.3825006074080688,6.27940166160774,9.811580774595384,4.315992525340635
129.16585308905266,35.24228125143101,0.1041097768373347,0.6009311922443772,0.7484208437407314,0.3820184148401268,0.898483545514764,7.538638890673098,4.580810733086687
127.28046651989769,37.760012138357226,0.07606735896453627,0.49259304515999364,0.9787031722636453,0.3815522274829953,2.237666949168363,10.37037006085531,0.5026492909869673
129.1468921207291,35.331825246244165,0.11124492951468352,0.5658011991149815,0.7797554913888991,0.38131392276961606,2.268639350055615,8.399641682655561,3.974549504787034
127.19479065627873,36.50959456686935,0.12110373156734294,0.6919315727313868,0.5621456499199964,0.3805604675870868,2.401219567153154,5.514095150123302,8.622184962452671
129.17481394789485,35.64224037838634,0.15279376158588456,0.48502483400333046,0.792083343020771,0.3803209995980956,4.930932555176306,10.589687493935163,3.7409789029346237
128.99782611087895,37.066449943724486,0.011829228896661154,0.7587133316014653,0.7335783048412622,0.3802442748970226,3.351714396701916,4.184928616225307,4.874526510803823
126.77487394439945,35.09291539177721,0.04208735389985211,0.5879429478929036,0.9112605436808471,0.37967867005396655,3.2553378430506905,7.851239464271494,1.6133993513866827
127.4417452465168,35.40736522666375,0.011987260168615779,0.7535532533508329,0.7359524270279041,0.37925009149513855,1.7372350697214143,4.283534979878979,4.827254760727531
127.1098346802478,36.76381346175392,0.0910685736583437,0.7629551508585459,0.5235925720782856,0.3791393465023927,1.4409685690620475,4.104352349664029,9.571290300572814
127.0098465389354,35.13966271556215,0.11390771697775053,0.5853374178701173,0.7286850922622347,0.3782921023023574,8.137585195447652,7.914741489959206,4.972310395773482
126.74361002262334,35.22705300310945,0.027434233307639968,0.5818492572964894,0.9488258755857845,0.3780370689599237,2.4713655053459562,8.000178061196177,0.9871212249560348
127.1745433998444,36.51600648255562,0.14440310468903625,0.6144107337805227,0.6065812573748245,0.37784102395363983,2.2748280509955943,7.220958844366271,7.581371366561795
127.32761167970403,36.46172475487531,0.1749365399519888,0.6497596081736948,0.4740389390448294,0.3772039402370687,4.326489159798666,6.418485075996767,10.861343686281677
126.56180732018888,35.231360196930474,0.058690449796545814,0.6291842230676055,0.7952372185083619,0.37714793552022696,1.9334051100547498,6.880341427239833,3.6816593841334604
126.60394899006278,33.30171192513025,0.039494545690054145,0.6471579372164777,0.8122511918176928,0.37634489237350893,2.2491077387397396,6.476105478833463,3.3646526228893814
127.2978298910845,37.46979767420966,0.01849594106766957,0.6044345232263605,0.9273666945218098,0.3760516664061049,1.005152341813162,7.455424624960862,1.3424772548637243
127.20867940162388,37.854460895985,0.16738036016063218,0.6900100827931241,0.42507176897919674,0.37570755871409267,1.6505156752604229,5.554137811994595,12.223492180977049
127.34633320027913,36.24564051762527,0.043707463442278896,0.6311132111668285,0.8141097534233073,0.37400964575584944,3.6844959914750133,6.836432189237588,3.3303261106090614
