사업장명,도로명주소,위도,경도
강북삼성병원,서울특별시 종로구 새문안로 29 (평동),37.56826882940681,126.9652077119028
서울대학교병원,서울특별시 종로구 대학로 101 (연건동),37.57915670652751,126.99590636928569
세란병원,서울특별시 종로구 통일로 256 (무악동),37.57517833970064,126.95458493735565
서울적십자병원,"서울특별시 종로구 새문안로 9, 적십자병원 (평동)",37.56738863846013,126.96409341175004
국립중앙의료원,"서울특별시 중구 을지로 245, 국립중앙의료원 (을지로6가)",37.56742363619368,127.00312072139258
순천향대학교 부속 서울병원,서울특별시 용산구 대사관로 59 (한남동),37.53370747233957,127.00141660596489
한양대학교병원,서울특별시 성동구 왕십리로 222-1 (사근동),37.55774177728399,127.04450340745234
재단법인베스티안재단베스티안서울병원,서울특별시 성동구 왕십리로 382 (하왕십리동),37.5650968863701,127.02514299498411
혜민병원,서울특별시 광진구 자양로 85 (자양동),37.535188757907406,127.08057395797753
건국대학교병원,서울특별시 광진구 능동로 120-1 (화양동),37.54044280416215,127.0692167774423
경희대학교병원,서울특별시 동대문구 경희대로 23 (회기동),37.596712591989835,127.04850461982858
삼육서울병원,서울특별시 동대문구 망우로 82 (휘경동),37.58932135512435,127.06155278730955
서울성심병원,"서울특별시 동대문구 왕산로 259, 서울성심병원 (청량리동)",37.5842853009308,127.04707367206129
서울특별시 동부병원,서울특별시 동대문구 무학로 124 (용두동),37.575342880707204,127.02864582804179
의료법인풍산의료재단동부제일병원,"서울특별시 중랑구 망우로 511, 동부제일병원 지하1~6층 (망우동)",37.60076395910056,127.10637804865048
녹색병원,서울특별시 중랑구 사가정로49길 53 (면목동),37.58354316761331,127.08332326363406
서울특별시서울의료원,서울특별시 중랑구 신내로 156 (신내동),37.61298159487955,127.09507875104146
학교법인 고려중앙학원 고려대학교의과대학부속병원(안암병원),"서울특별시 성북구 고려대로 73, 고려대병원 (안암동5가)",37.58714487358145,127.02409518287286
서울현대병원,"서울특별시 강북구 도봉로 374 (번동, 서울현대병원)",37.64025067516325,127.0256770411609
의료법인성화의료재단  대한병원,"서울특별시 강북구 도봉로 301 (수유동, 대한병원)",37.635404902874754,127.02001313421799
의료법인한전의료재단 한일병원,"서울특별시 도봉구 우이천로 308, 한일병원 (쌍문동)",37.64591605033264,127.02584057910802
한국원자력의학원원자력병원,"서울특별시 노원구 노원로 75, 한국원자력의학원 (공릉동)",37.62839821375755,127.07938024910862
인제대학교 상계백병원,"서울특별시 노원구 동일로 1342, 상계백병원 (상계동)",37.64866645128567,127.06009402242462
노원을지대학교병원,"서울특별시 노원구 한글비석로 68, 을지병원 (하계동)",37.636461083363066,127.06703507430889
의료법인 청구성심병원,서울특별시 은평구 통일로 873 (갈현동),37.62078910987232,126.91666591532986
가톨릭대학교 은평성모병원,서울특별시 은평구 통일로 1021 (진관동),37.63358253910444,126.91321899352215
연세대학교의과대학세브란스병원,서울특별시 서대문구 연세로 50-1 (신촌동),37.56469964305744,126.9366069810422
의료법인동신의료재단 동신병원,"서울특별시 서대문구 연희로 272, 동신병원 본관동 (홍은동)",37.58130503435697,126.93360961217137
서울특별시서남병원,서울특별시 양천구 신정이펜1로 20 (신정동),37.51189561800296,126.83026716752542
이화여자대학교의과대학부속목동병원,서울특별시 양천구 안양천로 1071 (목동),37.53649124550728,126.88337865776435
홍익병원,"서울특별시 양천구 목동로 225, 홍익병원본관 (신정동)",37.528491721927935,126.86077196729079
이화여자대학교의과대학부속서울병원,"서울특별시 강서구 공항대로 260, 이화의대부속서울병원 (마곡동)",37.55759636411802,126.83328592211937
미즈메디병원,서울특별시 강서구 강서로 295 (내발산동),37.552225331315405,126.8331191443234
부민병원,"서울특별시 강서구 공항대로 389, 부민병원 (등촌동)",37.55683990650636,126.84810450770709
우리들병원,서울특별시 강서구 하늘길 70 (과해동),37.561810719619906,126.79576851998266
고려대학교의과대학부속구로병원,"서울특별시 구로구 구로동로 148, 고려대부속구로병원 (구로동)",37.492109023194246,126.88185425995248
구로성심병원,"서울특별시 구로구 경인로 427, 구로성심병원 (고척동)",37.49962844996833,126.86348656433702
희명병원,서울특별시 금천구 시흥대로 244 (시흥동),37.45572364333568,126.89773270359436
성애의료재단 성애병원,"서울특별시 영등포구 여의대방로53길 22 (신길동, 성애병원)",37.51206028892821,126.91989039264
한림대학교 강남성심병원,"서울특별시 영등포구 신길로 1 (대림동, 강남성심병원)",37.49330065444253,126.90581034293966
가톨릭대학교 여의도성모병원,"서울특별시 영등포구 63로 10, 여의도성모병원 (여의도동)",37.518085504676094,126.9336982254776
명지성모병원,"서울특별시 영등포구 도림로 156, 명지성모병원 (대림동)",37.493916799949915,126.89636330062403
한림대학교 한강성심병원,"서울특별시 영등포구 버드나루로7길 12 (영등포동7가, 한강성심병원)",37.52317904216413,126.90681834130156
씨엠병원,"서울특별시 영등포구 영등포로36길 13 (영등포동4가, 충무병원)",37.51885342329639,126.90128288502873
대림성모병원,"서울특별시 영등포구 시흥대로 657 (대림동, 대림성모병원)",37.49057863772219,126.90419885873669
중앙대학교병원,서울특별시 동작구 흑석로 102 (흑석동),37.507048545357016,126.95797257508185
서울특별시보라매병원,서울특별시 동작구 보라매로5길 20 (신대방동),37.493771955187704,126.92140601744345
의료법인서울효천의료재단 에이치플러스양지병원,"서울특별시 관악구 남부순환로 1636, 양지병원 (신림동)",37.484207991282695,126.9296229845218
기쁨병원,"서울특별시 서초구 서초중앙로 4, 기쁨병원 (서초동)",37.48278819519731,127.0151273862856
학교법인가톨릭학원가톨릭대학교서울성모병원,서울특별시 서초구 반포대로 222 (반포동),37.50007956203165,127.00235677399971
연세대학교의과대학 강남세브란스병원,"서울특별시 강남구 언주로 211, 강남세브란스병원 (도곡동)",37.49254974938206,127.04363746807665
차의과학대학교 강남차병원,"서울특별시 강남구 논현로 566, 강남차병원(역삼동650-9, 606-4, 605외2필지(지하7층~지하1층, 지상2층~7층)) (역삼동)",37.5069054349463,127.03159417281147
삼성서울병원,"서울특별시 강남구 일원로 81 (일원동, 삼성의료원)",37.48866228880641,127.08309236737388
강남베드로병원,"서울특별시 강남구 남부순환로 2649, 베드로병원 (도곡동)",37.485610912884766,127.03669259067163
경찰병원,"서울특별시 송파구 송이로 123, 국립경찰병원 (가락동)",37.4962472684214,127.1205924772616
재단법인아산사회복지재단 서울아산병원,"서울특별시 송파구 올림픽로43길 88, 서울아산병원 (풍납동)",37.52627525866216,127.10658733769303
한국보훈복지의료공단 중앙보훈병원,서울특별시 강동구 진황도로61길 53 (둔촌동),37.52969727903149,127.14482697203589
성심의료재단강동성심병원,서울특별시 강동구 성안로 150 (길동),37.53612376205731,127.13235402633248
강동경희대학교병원,서울특별시 강동구 동남로 892 (상일동),37.553230616095156,127.15451668099968
재단법인천주교부산교구유지재단 메리놀병원,부산광역시 중구 중구로 121 (대청동4가),35.10723437804707,129.02919986707764
고신대학교복음병원,부산광역시 서구 감천로 262 (암남동),35.08160029351981,129.01028524410535
부산대학교병원,부산광역시 서구 구덕로 179 (아미동1가),35.10055187417491,129.01616702472234
동아대학교병원,부산광역시 서구 대신공원로 26 (동대신동3가),35.12016842214364,129.0149221433557
삼육부산병원,부산광역시 서구 대티로 170 (서대신동2가),35.11192403526664,129.00796913135235
의료법인정화의료재단 봉생기념병원,"부산광역시 동구 중앙대로 401 (좌천동, 봉생병원)",35.131061484926896,129.04758848493864
좋은문화병원,부산광역시 동구 범일로 119 (범일동),35.1408918702298,129.05616964020516
재단법인일신기독교선교회 일신기독병원,부산광역시 동구 정공단로 27 (좌천동),35.135482179908365,129.05121309954316
의료법인 행도의료재단 해동병원,부산광역시 영도구 태종로 133 (봉래동3가),35.09189356822436,129.04102958345433
영도병원,부산광역시 영도구 태종로 85 (대교동2가),35.09219846800027,129.0376224274709
인제대학교부산백병원,"부산광역시 부산진구 복지로 75, 진사로83번길 81, 1층(일부), 3층 (개금동)",35.14595320368854,129.0179203389289
의료법인 온그룹의료재단 온병원,"부산광역시 부산진구 가야대로 719, ,767,721,본관 지하3~11층 전부,12층 일부,13~14층 전부,15층 일부,신관 1층, 9층 일부 (당감동)",35.15766846547541,129.04716677055737
빌리브세웅병원,부산광역시 동래구 충렬대로 455 (안락동),35.19587269979123,129.10535656790066
대동병원,부산광역시 동래구 충렬대로 187 (명륜동),35.20423373882863,129.07733128731635
의료법인 광혜의료재단 광혜병원,"부산광역시 동래구 충렬대로 96 (온천동, 광혜병원)",35.20701381967957,129.06823048768047
동래봉생병원,부산광역시 동래구 안연로109번길 27 (안락동),35.19689558896979,129.09322882413647
부산성모병원(재단법인 천주교부산교구유지재단),부산광역시 남구 용호로232번길 25-14 (용호동),35.10969830847256,129.1070642311939
구포성심병원,부산광역시 북구 낙동대로 1786 (구포동),35.20969902766857,129.00181758736272
의료법인 인당의료재단 부민병원,부산광역시 북구 만덕대로 59 (덕천동),35.21186667476372,129.00835718004527
의료법인 인당의료재단 해운대부민병원,"부산광역시 해운대구 해운대로 584, 해운대 부민병원 지하4~지상13층 (우동)",35.161413123275494,129.15279294196668
인제대학교 해운대백병원,부산광역시 해운대구 해운대로 875 (좌동),35.173469204073086,129.17950272777546
부산광역시의료원,"부산광역시 연제구 월드컵대로 359 (거제동, 1동, 5동일부)",35.1867160656396,129.0560727242814
의료법인 은성의료재단 좋은강안병원,부산광역시 수영구 수영로 493 (남천동),35.15019268069439,129.10766129415856
비에이치에스한서병원,부산광역시 수영구 수영로 615 (광안동),35.160815083800614,129.1103055473568
의료법인 센텀의료재단 센텀종합병원,부산광역시 수영구 수영로679번길 8 (광안동),35.16680457153468,129.11151007104692
의료법인 은성의료재단 좋은삼선병원,"부산광역시 사상구 가야대로 326, 좋은삼선병원 (주례동)",35.1503432355447,129.005313292632
한국보훈복지의료공단 부산보훈병원,부산광역시 사상구 백양대로 420 (주례동),35.153834080554134,129.00400545942793
동남권원자력의학원원자력병원,부산광역시 기장군 장안읍 좌동길 40,35.32110789280902,129.2409880176529
계명대학교대구동산병원,"대구광역시 중구 달성로 56, 계명대학교대구동산병원 (동산동)",35.86857311262808,128.58050582478162
경북대학교병원,"대구광역시 중구 동덕로 130 (삼덕동2가, 경북대학교병원)",35.86630969918981,128.60185207869995
곽병원,대구광역시 중구 국채보상로 531 (수동),35.870717313913346,128.58578799344787
대구파티마병원,대구광역시 동구 아양로 99 (신암동),35.88420066446788,128.62115517127808
강남종합병원,"대구광역시 동구 동촌로 207, 강남병원 (방촌동)",35.88314379954018,128.66040655530492
대구의료원,대구광역시 서구 평리로 157 (중리동),35.85943409430846,128.53776004908653
대구굿모닝병원,"대구광역시 서구 달서로 42, 대구 굿모닝병원 지하2층~11층 (내당동)",35.86596779477307,128.56855274276586
대구가톨릭대학교병원,대구광역시 남구 두류공원로17길 33 (대명동),35.84420264043621,128.56509696095773
영남대학교병원,대구광역시 남구 현충로 170 (대명동),35.84734079035294,128.58254388418948
칠곡경북대학교병원,"대구광역시 북구 호국로 807, 칠곡경북대학교병원(임상실습동 1~11층 포함) (학정동)",35.95614782805944,128.56146750115073
대구가톨릭대학교 칠곡가톨릭병원,대구광역시 북구 칠곡중앙대로 440 (읍내동),35.93490096279667,128.54639828592005
(재)미리내천주성삼성직수도회천주성삼병원,"대구광역시 수성구 달구벌대로 3190 (신매동, 천주성삼병원)",35.840721238390465,128.70291104258774
의료법인구의료재단 구병원,대구광역시 달서구 감삼북길 141 (감삼동),35.85060487082342,128.53856119737821
삼일병원,"대구광역시 달서구 월배로 436, 지하1,지상1~11층 (송현동)",35.83252700987045,128.55072159732248
더블유병원,"대구광역시 달서구 달구벌대로 1632, 더블유병원 (감삼동)",35.85261115277987,128.54202163457649
계명대학교동산병원,대구광역시 달서구 달구벌대로 1035 (신당동),35.85524923488916,128.48643953392627
나사렛종합병원,"대구광역시 달서구 월배로 97, 나사렛병원 (진천동)",35.81447298866141,128.52248389638228
한국보훈복지의료공단 대구보훈병원,대구광역시 달서구 월곡로 60 (도원동),35.8028686838783,128.54923686192134
인천기독병원,인천광역시 중구 답동로30번길 10 (율목동),37.471198543095326,126.62904673868375
인천사랑병원,인천광역시 미추홀구 미추홀대로 726 (주안동),37.46214596705691,126.6778006293745
인천적십자병원,"인천광역시 연수구 원인재로 263 (연수동, 인천적십자병원)",37.418454052319916,126.6866947032863
안은의료재단 부평세림병원,"인천광역시 부평구 부평대로 175 (청천동, 세림병원)",37.506795387739004,126.71679295225961
가톨릭대학교 인천성모병원,인천광역시 부평구 동수로 56 (부평동),37.484296075254164,126.72227194085728
근로복지공단인천병원,인천광역시 부평구 무네미로 446 (구산동),37.47622523514952,126.75100067819247
검단탑병원,인천광역시 서구 청마로19번길 5 (당하동),37.59252024497321,126.66821598577863
조선대학교병원,광주광역시 동구 필문대로 365 (서석동),35.13903704664729,126.92280804031172
서광병원,광주광역시 서구 금화로59번길 6 (금호동),35.1325871254536,126.85282794371027
선한병원,광주광역시 서구 무진대로 975 (광천동),35.16160502362499,126.88409772121595
광주씨티병원,광주광역시 남구 서문대로654번길 5 (진월동),35.11772750058541,126.89654320240896
해피뷰병원,광주광역시 북구 경열로 216 (유동),35.15860318516964,126.90382931428714
광주일곡병원,광주광역시 북구 양일로 309 (일곡동),35.20286128695675,126.89471948892329
광주센트럴병원,"광주광역시 광산구 수완로 6, A동1,3,5,6층/B동동 (신가동)",35.18570684648782,126.82655785772229
하남성심병원,광주광역시  용아로 259,35.16663107519817,126.79813956505838
대전한국병원,대전광역시 동구 동서대로 1672 (성남동),36.348317596455615,127.4328641175129
학교법인 건양교육재단 건양대학교병원,"대전광역시 서구 관저동로 158, 건양대학교병원 (관저동)",36.3069270551132,127.34026572192204
학교법인을지학원대전을지대학교병원,대전광역시 서구 둔산서로 95 (둔산동),36.35506731522801,127.37909750375825
대청병원,"대전광역시 서구 계백로 1322 (정림동, 대청병원)",36.30847165868446,127.36733788040537
의료법인 동강의료재단 동강병원,울산광역시 중구 태화로 239 (태화동),35.55340878021312,129.29905270631983
의료법인 동강의료재단 동천동강병원,"울산광역시 중구 외솔큰길 215 (남외동, 동천동강병원)",35.56857456600488,129.34746390108813
울산병원,울산광역시 남구 월평로171번길 13 (신정동),35.546369562407726,129.3198116984237
의료법인 은성의료재단 좋은삼정병원,울산광역시 남구 북부순환도로 51 (무거동),35.55288629439316,129.2660554026308
의료법인 정안의료재단 중앙병원,"울산광역시 남구 문수로 472, 중앙병원 (신정동)",35.532207847832716,129.3019924943461
학교법인 울산공업학원 울산대학교병원,"울산광역시 동구 대학병원로 25, 울산대학교병원 (전하동)",35.51996642385849,129.4258634363289
의료법인 송은의료재단 울산시티병원,울산광역시 북구 산업로 1007 (연암동),35.58282819906013,129.3557035940136
울산엘리야병원,울산광역시 북구 호계로 285 (호계동),35.62882379302412,129.34768585755424
서울산보람병원,"울산광역시 울주군 삼남읍 중평로 53, 서울산보람병원",35.55904025202582,129.1178205807409
경기도의료원 수원병원,경기도 수원시 장안구 수성로245번길 69 (정자동),37.29198859808238,126.99351158643549
가톨릭대학교 성빈센트병원,경기도 수원시 팔달구 중부대로 93 (지동),37.27797509396659,127.02467252468897
의료법인 녹산의료재단동수원병원,경기도 수원시 팔달구 중부대로 165 (우만동),37.278156411845636,127.0314234229332
아주대학교병원,경기도 수원시 영통구 월드컵로 164 (원천동),37.280077889353365,127.04537263290754
의료법인 토마스의료재단 윌스기념병원,경기도 수원시 팔달구 경수대로 437 (인계동),37.26541361575183,127.02270050298485
의료법인 명인의료재단 화홍병원,경기도 수원시 권선구 호매실로90번길 98 (호매실동),37.26014683662418,126.96083577548097
의료법인 덕산의료재단 수원덕산병원,경기도 수원시 권선구 서부로 1674 (고색동),37.25848530759332,126.97142335568172
국군수도병원,경기도 성남시 분당구 새마을로177번길 81 (율동),37.392373168575155,127.14618485391028
분당서울대학교병원,"경기도 성남시 분당구 구미로173번길 82 (구미동, 분당서울대학교병원)",37.349786791175646,127.12134116947742
순천의료재단 성남정병원,"경기도 성남시 수정구 수정로 76, 지하3~10층 (수진동)",37.439856608424016,127.12611133482088
성남시의료원,"경기도 성남시 수정구 수정로171번길 10, 성남시의료원 (태평동)",37.44476627582211,127.13632002322875
성남중앙병원,경기도 성남시 중원구 산성대로476번길 12 (금광동),37.45280668513727,127.15918505312533
차의과학대학교분당차병원,경기도 성남시 분당구 야탑로 59 (야탑동),37.41024993617838,127.12235956078105
대진의료재단 분당제생병원,경기도 성남시 분당구 서현로180번길 20 (서현동),37.38813102157563,127.1187330048045
학교법인 을지학원 의정부을지대학교병원,"경기도 의정부시 동일로 712, 을지대학교 의정부캠퍼스 및 부속병원 (금오동)",37.75265578966359,127.04909450256257
경기도의료원의정부병원,경기도 의정부시 흥선로 142 (의정부동),37.74112115246852,127.03959774954541
가톨릭대학교의정부성모병원,"경기도 의정부시 천보로 271, 의정부성모병원 (금오동)",37.75836485621016,127.07482923272045
의료법인 영동의료재단 의정부백병원,경기도 의정부시 금신로 322 (신곡동),37.745336417571174,127.05908435115059
한림대학교성심병원,경기도 안양시 동안구 관평로170번길 22 (평촌동),37.391513520526594,126.95893317528831
부천세종병원,"경기도 부천시 소사구 호현로489번길 28 (소사본동, 세종병원)",37.480969450164906,126.78843977346226
가톨릭대학교부천성모병원,"경기도 부천시 원미구 소사로 327, 가톨릭대학교 부천성모병원 (소사동)",37.48703110863395,126.78949923446703
뉴대성병원,"경기도 부천시 원미구 부천로 91, ,부흥로373번길18, 부흥로377(기존디에스병원A동) (심곡동)",37.492448746385904,126.7812887630919
순천향대학교부속부천병원,"경기도 부천시 원미구 조마루로 170, 부흥로 173(1층일부) (중동)",37.498391568891044,126.7598473617237
의료법인대인의료재단 다니엘종합병원,"경기도 부천시 원미구 중동로 361, 다니엘종합병원 (약대동)",37.51241044422273,126.76651411031786
부천우리병원,경기도 부천시 오정구 소사로 726 (원종동),37.52086112495082,126.80230563821853
광명성애병원,"경기도 광명시 디지털로 36, 광명성애병원 (철산동)",37.47341255100033,126.86882606307283
중앙대학교광명병원,경기도 광명시 덕안로 110(일직동),37.424511164715646,126.88300203964471
의료법인 박애의료재단 박애병원,경기도 평택시 평택2로20번길 3 (평택동),36.99312112497772,127.08609751077736
의료법인백송의료재단 굿모닝병원,경기도 평택시 중앙로 338 (합정동),36.99062456998518,127.1176339556085
의료법인 양진의료재단 평택성모병원,경기도 평택시 평택로 284 (세교동),37.008396762716515,127.0712507915498
의료법인 갈렌의료재단 박병원,경기도 평택시 송탄로 33 (장당동),37.04821943105919,127.05410178778656
고려대학교의과대학부속안산병원,경기도 안산시 단원구 적금로 123 (고잔동),37.319305443900134,126.82231231138911
근로복지공단안산병원,"경기도 안산시 상록구 구룡로 87, 근로복지공단안산병원 (일동)",37.316669545098925,126.87143820588747
의료법인칠석의료재단사랑의병원,"경기도 안산시 상록구 예술광장로 69, 사랑의병원(593-4번지/593-5번지) (성포동)",37.32700338623306,126.8418943305579
대아의료재단한도병원,경기도 안산시 단원구 선부광장로 103 (선부동),37.33404273938557,126.80472817959848
의료법인 플러스의료재단 단원병원,"경기도 안산시 단원구 원포공원1로 20, 동의성단원병원 (초지동)",37.300218451739624,126.8103606975278
의료법인성광의료재단일산차병원,"경기도 고양시 일산동구 중앙로 1205, 지하1층(일부),지하2층,지하4층(일부),1층(일부),2층(일부),3층(일부),4~5층,6층(일부), 7~10층 (장항동)",37.65421580737453,126.77306389493654
인제대학교일산백병원,경기도 고양시 일산서구 주화로 170 (대화동),37.674206172326336,126.7476786430757
국민건강보험공단일산병원,"경기도 고양시 일산동구 일산로 100 (백석동,백석1동 1241외1필지 4층)",37.645585318483896,126.78992223762486
국립암센터,경기도 고양시 일산동구 일산로 323 (마두동),37.66357514141687,126.78064882304061
의료법인자인의료재단(더자인병원),"경기도 고양시 덕양구 중앙로 555, /중앙로557번길 14, 지하1(일부),1-6층 (행신동)",37.623078062375264,126.832619046163
동국대학교일산불교병원,"경기도 고양시 일산동구 동국로 27 (식사동, 동국대학교일산병원)",37.67640345914535,126.8035954398063
한양대학교구리병원,경기도 구리시 경춘로 153 (교문동),37.60120106979067,127.12955884931763
남양주 한양병원,경기도 남양주시 오남읍 양지로 47-55,37.68290922046704,127.20191145046793
현대병원,경기도 남양주시 진접읍 봉현로 21,37.71550609856572,127.17682937605701
오산한국병원,경기도 오산시 밀머리로1번길 16 (원동),37.14120128982667,127.0723687724915
의료법인 록향의료재단 신천연합병원,"경기도 시흥시 복지로 57, 복지로 61, 2층 (대야동)",37.44454558795137,126.78649449455415
의료법인 남촌의료재단 시화병원,"경기도 시흥시 군자천로 381, 시화병원 (정왕동)",37.35003748128157,126.73430226939139
의료법인 석경의료재단 센트럴병원,"경기도 시흥시 공단1대로 237 (정왕동, 센트럴 병원)",37.336885898777396,126.72536390802453
원광대학교 산본병원,경기도 군포시 산본로 321 (산본동),37.35941594380144,126.93072512630057
효산의료재단 지샘병원,"경기도 군포시 군포로 591 (당동, (G샘병원)군포샘병원)",37.35868285629565,126.94445618720091
강남병원,"경기도 용인시 기흥구 중부대로 411, 강남병원 (신갈동)",37.27364239545504,127.10863580290619
(의)영문의료재단 다보스병원,"경기도 용인시 처인구 백옥대로1082번길 18, 다보스종합병원 (김량장동)",37.23162126737429,127.208523653017
연세대학교 의과대학 용인세브란스병원,경기도 용인시 기흥구 동백죽전대로 363 (중동),37.27079592799029,127.14407729079647
메디필드한강병원,경기도 용인시 처인구 금령로39번길 8-6 (김량장동),37.23537762520646,127.1982103391611
경기도의료원파주병원,"경기도 파주시 중앙로 207, 경기도립의료원파주병원 (금촌동)",37.754996582785935,126.77696254315103
메디인병원,경기도 파주시 금릉역로 190(금촌동),37.76146833827166,126.76452707337083
경기도의료원 이천병원,경기도 이천시 경충대로 2742 (관고동),37.28269777323164,127.43004639198178
경기도의료원 안성병원,"경기도 안성시 남파로 95, 경기도의료원 안성병원 (당왕동)",37.01710168108918,127.25735715887055
안성성모병원,경기도 안성시 시장길 58 (서인동),37.0062428002133,127.2681659361498
의료법인우리의료재단김포우리병원,"경기도 김포시 감암로 11, 김포우리병원 (걸포동)",37.63209863211662,126.70787629262989
의료법인인봉의료재단뉴고려병원,"경기도 김포시 김포한강3로 283, 뉴고려병원 (장기동)",37.640879360076305,126.65717140613197
한림대학교춘천성심병원,강원특별자치도 춘천시 삭주로 77 (교동),37.88374436341683,127.73671602583265
의료법인 강릉동인병원,강원특별자치도 강릉시 강릉대로419번길 42 (포남동),37.77432188543685,128.90425378637798
근로복지공단 태백병원,강원특별자치도 태백시 보드미길 8 (장성동),37.103983326065816,129.00130620342642
강원특별자치도속초의료원,강원특별자치도 속초시 영랑호반길 3 (영랑동),38.216498010270946,128.58597333769717
강원특별자치도삼척의료원,강원특별자치도 삼척시 오십천로 418 (남양동),37.44034645656906,129.1609564850438
의료법인자산의료재단제천서울병원,충청북도 제천시 숭문로 57 (서부동),37.13874903697697,128.20314377572151
의료법인 명지의료재단 명지병원,"충청북도 제천시 내토로 991-0 (고암동,의료법인명지의료재단명지병원)",37.16338479528851,128.23127742889704
의료법인 힐링의료재단 옥천성모병원,충청북도 옥천군 옥천읍 성왕로 1195,36.313417574512776,127.56918021393057
충청남도 공주의료원,충청남도 공주시 무령로 77 (웅진동),36.45914470831803,127.1064179514006
충청남도서산의료원,충청남도 서산시 중앙로 149 (석림동),36.77550655832129,126.46261082576711
서산중앙병원,충청남도 서산시 수석산업로 5 (수석동),36.781771689373294,126.50061557363155
전주고려병원,전북특별자치도 전주시 덕진구 안덕원로 367 (산정동),35.83991161314684,127.16401856152213
의료법인영경의료재단전주병원,"전북특별자치도 전주시 완산구 한두평3길 13 (중화산동2가, 전주병원)",35.81519416047857,127.12184184291344
의료법인오성의료재단동군산병원,전북특별자치도 군산시 조촌로 149 (조촌동),35.977533859522254,126.73430749849608
전북특별자치도 남원의료원,전북특별자치도 남원시 충정로 365 (고죽동),35.43185582841938,127.40525662521546
의료법인해민의료재단 세안종합병원,전라남도 목포시 고하대로 795-2 (연산동),34.8168785483207,126.37726483732051
목포한국병원,전라남도 목포시 영산로 483 (상동),34.80898923389553,126.41353992721281
목포기독병원,전라남도 목포시 백년대로 303 (상동),34.80423022183074,126.41735438931602
의료법인목포구암의료재단 목포중앙병원,전라남도 목포시 영산로 627 (석현동),34.82151347269407,126.41870488124854
여수전남병원,"전라남도 여수시 좌수영로 49 (광무동, 전남병원)",34.74496988783913,127.7250020172338
순천제일병원,전라남도 순천시 기적의도서관1길 3 (조례동),34.95499549456565,127.52127742164946
근로복지공단 순천병원,전라남도 순천시 조례1길 24 (조례동),34.96097151276471,127.5222805022899
순천중앙병원,전라남도 순천시 장명로 5 (장천동),34.951246180027695,127.48147834529232
전라남도순천의료원,전라남도 순천시 서문성터길 2 (매곡동),34.95841024566835,127.48074579252552
의료법인한국의료재단한국병원,전라남도 순천시 우명길 42 (연향동),34.94771340782236,127.5093948377483
의료법인 우범의료재단 장흥종합병원,전라남도 장흥군 장흥읍 흥성로 74,34.677051534386656,126.90804461484531
전라남도강진의료원,전라남도 강진군 강진읍 탐진로 5,34.637409280602384,126.75390900801939
대송의료재단무안병원,전라남도 무안군 무안읍 몽탄로 65,34.99204109842963,126.4865684879085
포항성모병원,경상북도 포항시 남구 대잠동길 17 (대잠동),36.01652019569442,129.33683626989952
의료법인 덕산의료재단 김천제일병원,경상북도 김천시 신음1길 12 (신음동),36.13548114363043,128.11611338611576
경상북도안동의료원,"경상북도 안동시 태사2길 55 (북문동, 470)",36.56798351031025,128.72935036755248
의)근원의료재단 경산중앙병원,경상북도 경산시 경안로 11 (백천동),35.808719010946675,128.73629702548703
제일병원,경상남도 진주시 진주대로 885 (강남동),35.17934459607461,128.08731039264023
경상국립대학교병원,경상남도 진주시 강남로 79 (칠암동),35.177142842817375,128.0924995249562
의료법인 문병욱의료재단 진주고려병원,"경상남도 진주시 동진로 2 (칠암동, 진주고려병원)",35.17849588788604,128.08916023477235
한일병원,"경상남도 진주시 범골로 17, 한일병원 지하1 1~7층 (충무공동)",35.16673214631333,128.12574684137522
새통영병원,경상남도 통영시 무전7길 192 (무전동),34.865347064974735,128.41780154085708
의료법인갑을의료재단 갑을장유병원,경상남도 김해시 장유로 167-13 (부곡동),35.208635470583275,128.80272385377415
의료법인숭인의료재단 김해복음병원,경상남도 김해시 활천로 33 (삼정동),35.230614098575266,128.89031068524994
의료법인환명의료재단 조은금강병원,경상남도 김해시 김해대로 1814-37 (삼계동),35.262283508268105,128.85792368870716
강일병원,경상남도 김해시 가락로 359 (구산동),35.256273283368046,128.86701943026785
의료법인 성념의료재단맑은샘병원,경상남도 거제시 연초면 거제대로 4477,34.89769730560393,128.64072303299946
의료법인 거붕 백병원,경상남도 거제시 계룡로5길 14 (상동동),34.873276535370614,128.62354903886654
양산성모병원,경상남도 양산시 서창로 59 (명동),35.4064075171589,129.16159427027566
베데스다복음병원,경상남도 양산시 신기로 28 (신기동),35.353193092236246,129.04066420816446
양산부산대학교병원,경상남도 양산시 물금읍 금오로 20,35.3251518920107,129.0039464757926
의료법인 은혜와감사의료재단 화성중앙종합병원,경기도 화성시 만세구 향남읍 발안로 5,37.131352264048125,126.90798273077738
참조은병원,경기도 광주시 광주대로 45 (경안동),37.41097156951191,127.25731212635344
경기도의료원포천병원,경기도 포천시 포천로 1648 (신읍동),37.9031445184101,127.1945228447059
의료법인 일심의료재단 포천우리병원,경기도 포천시 소흘읍 호국로 661,37.82741389519246,127.14502176379892
창원경상국립대학교병원,"경상남도 창원시 성산구 삼정자로 11 (성주동, 창원경상대학교병원)",35.19948616515486,128.70469951298773
연세에스병원,경상남도 창원시 진해구 해원로32번길 13 (이동),35.154711107495814,128.69544127873243
근로복지공단 창원병원,경상남도 창원시 성산구 창원대로 721 (중앙동),35.21848870367803,128.66852211479605
경상남도마산의료원,경상남도 창원시 마산합포구 3·15대로 231 (중앙동3가),35.199216284486134,128.56253289956322
창원한마음병원,경상남도 창원시 의창구 용동로57번길 8 (사림동),35.23789865258618,128.69615551598358
의료법인석영의료재단창원제일종합병원,경상남도 창원시 마산합포구 3·15대로 238 (중앙동3가),35.19911140036725,128.56480459850548
의료법인합포의료재단에스엠지연세병원,"경상남도 창원시 마산합포구 3·15대로 76 (월남동2가, 합포의료재단)",35.186288044019165,128.55869891401974
의료법인청아의료재단청아병원,경상남도 창원시 마산회원구 내서읍 광려천서로 67 (청아병원),35.24780051245485,128.50655454869698
세종충남대학교병원,"세종특별자치시 보듬7로 20, 세종충남대학교병원 (도담동)",36.51959738325256,127.25522332551765
의료법인 영제 의료재단 엔케이세종병원,"세종특별자치시 한누리대로 161, 세종시 NK리움힐 상가 1~8층 (나성동)",36.47962067423082,127.2593685050965
세종여주병원,"경기도 여주시 청심로 39, 세종여주병원 (하동)",37.301435875738015,127.62216972061309
청주성모병원,충청북도 청주시 청원구 주성로 173-19 (주중동),36.673661723029696,127.48304266537097
의료법인한마음의료재단하나병원,"충청북도 청주시 흥덕구 2순환로 1262, 하나병원 (가경동)",36.623624457554705,127.42800348093316
의료법인정산의료재단효성병원,충청북도 청주시 상당구 쇠내로 16 (금천동),36.624377783130385,127.49245448661674
인천힘찬종합병원,"인천광역시 남동구 논현로 72-0, 인천힘찬종합병원층 (논현동)",37.401233632158124,126.71155638412915
가톨릭대학교인천성모병원,"인천광역시 부평구 동수로 56-0, 가톨릭대학교인천성모병원층 (부평동)",37.484296075254164,126.72227194085728
산재의료관리원 인천중앙병원,인천광역시 부평구 무네미로 446 (구산동),37.47622523514952,126.75100067819247
인천기독병원,"인천광역시 중구 답동로30번길 10, (율목동)층 (율목동)",37.471198543095326,126.62904673868375
인천적십자병원,인천광역시 연수구 원인재로 263 (연수동),37.418454052319916,126.6866947032863
인천광역시의료원,"인천광역시 동구 방축로 217, 217층 (송림동)",37.478624835449054,126.66571911553217
의료법인 길의료재단 길병원,"인천광역시 남동구 남동대로774번길 21-0, 의료법인길의료재단길병원층 (구월동)",37.45185611118401,126.7063253976573
인하대학교의과대학부속병원,"인천광역시 중구 인항로 27-0, 인하대학병원층 (신흥동3가)",37.458618271145895,126.63103772251
의료법인 인천사랑병원,"인천광역시 미추홀구 미추홀대로 726-0, 인천사랑병원층 (주안동)",37.46214596705691,126.6778006293745
의료법인루가의료재단 나은병원,"인천광역시 서구 원적로 23, 23층 (가좌동)",37.489250920909264,126.67686419753664
한림병원,"인천광역시 계양구 장제로 722, (작전동)층 (작전동)",37.53214200873025,126.73144542197461
검단탑병원,"인천광역시 서구 청마로19번길 5, (당하동)층 (당하동)",37.59252024497321,126.66821598577863
(의)나사렛의료재단 나사렛국제병원,"인천광역시 연수구 먼우금로 98,  (동춘동)층 (동춘동)",37.408141068994716,126.66762725850698
현대유비스병원,"인천광역시 미추홀구 독배로 503-0, 현대유비스병원층 (숭의동)",37.46150382126608,126.64007183076998
가톨릭관동대학교 국제성모병원,"인천광역시 서구 심곡로100번길 25-0, 인천국제성모병원층 (심곡동)",37.54237264635307,126.68071319232038
인천세종병원,"인천광역시 계양구 계양문화로 20-0, 인천세종병원층 (작전동,인천세종병원)",37.53207979376131,126.73394128401551
비에스종합병원,"인천광역시 강화군 강화읍 충렬사로 31-0,  층",37.73685444787084,126.48236264968271
조선대학교병원,광주광역시 동구 필문대로 365 (학동),35.13903704664729,126.92280804031172
광주보훈병원,광주광역시 광산구 첨단월봉로 99 (산월동),35.20779203801772,126.84659594557748
하남성심병원,광주광역시 광산구 용아로 259 (산정동),35.16663107519817,126.79813956505838
광주현대병원,광주광역시 북구 설죽로 291 (용봉동),35.185655802857276,126.89509331846763
서광병원,광주광역시 서구 금화로59번길 6 (금호동),35.1325871254536,126.85282794371027
상무병원,광주광역시 서구 상무자유로 181-7 (치평동),35.15274622093581,126.85099940958568
광주한국병원,광주광역시 서구 월드컵4강로 223 (쌍촌동),35.15608084199103,126.86555833959157
광주기독병원,광주광역시 남구 양림로 37 (양림동),35.136689757039555,126.90919401682784
전남대학교병원,광주광역시 동구 제봉로 42 (학동),35.141726537132044,126.91913346892724
광주센트럴병원,"광주광역시 광산구 수완로 6-0, A,B,C동 (신가동)",35.18570684648782,126.82655785772229
광주희망병원,광주광역시 북구 하서로 429 (용두동),35.213446527087775,126.87182569937801
광주병원,광주광역시 북구 면앙로139번길 51 (두암동),35.1788735981034,126.92527841266597
광주씨티병원,광주광역시 남구 서문대로654번길 5 (진월동),35.11772750058541,126.89654320240896
첨단종합병원,광주광역시 광산구 첨단중앙로170번길 59 (쌍암동),35.221181119150884,126.84225871619407
광주일곡병원,광주광역시 북구 양일로 309 (일곡동),35.20286128695675,126.89471948892329
해피뷰병원,"광주광역시 북구 경열로 216-0, 해피뷰병원층 (유동,해피뷰병원)",35.15860318516964,126.90382931428714
동아병원,광주광역시 남구 대남대로 238 (백운동),35.13470892303828,126.89699970083582
신가병원,광주광역시 광산구 목련로 316 (신가동),35.17745886013007,126.82673452279084
미래로21병원,광주광역시 서구 화운로 1 (화정동),35.14107280140967,126.88239927493113
선한병원,광주광역시 서구 무진대로 975-0 (광천동),35.16160502362499,126.88409772121595
운암한국병원,광주광역시 북구 북문대로 191 (운암동),35.18509738486572,126.86685310761644
광주수완병원,광주광역시 광산구 임방울대로 370 (수완동),35.193180888341544,126.8212987861454
KS병원,광주광역시 광산구 왕버들로 220 (수완동),35.19818374587849,126.8300135261615
학교법인 을지학원 대전을지대학교병원,"대전광역시 서구 둔산서로 95, (둔산동)층 (둔산동)",36.35506731522801,127.37909750375825
의료법인 영훈의료재단 대전선병원,"대전광역시 중구 목중로 29, (목동)층 (목동)",36.33599783186705,127.40725798977039
대전한국병원,"대전광역시 동구 동서대로 1672,  (성남동)층 (성남동)",36.348317596455615,127.4328641175129
의료법인영훈의료재단 유성선병원,"대전광역시 유성구 북유성대로 93-0,  0동 0호 (지족동,유선성병원)층 (지족동)",36.37512595367029,127.32200965384159
대전보훈병원,"대전광역시 대덕구 대청로82번길 147, 147층 (신탄진동)",36.44713729027642,127.43679599438669
학교법인 건양교육재단 건양대학교병원,"대전광역시 서구 관저동로 158, (관저동)층 (관저동)",36.3069270551132,127.34026572192204
재단법인베스티안재단베스티안병원,충청북도 청주시 흥덕구 오송읍 오송생명1로 191-0,36.63624102327949,127.31876790935081
청주성모병원,"충청북도 청주시 청원구 주성로 173-19, 청주성모병원층 (주중동)",36.673661723029696,127.48304266537097
의료법인한마음의료재단하나병원,"충청북도 청주시 흥덕구 2순환로 1262-0, 하나병원층 (가경동)",36.623624457554705,127.42800348093316
의료법인 건명의료재단 중앙제일병원,"충청북도 진천군 진천읍 중앙북로 36-0, 진천성모병원층",36.85852849047654,127.43764953368525
충청북도 청주의료원,"충청북도 청주시 서원구 흥덕로 48-0, 청주의료원층 (사직동)",36.640729118826215,127.47054906403804
의료법인 자산의료재단 제천서울병원,"충청북도 제천시 숭문로 57-0, 서울병원층 (서부동)",37.13874903697697,128.20314377572151
충북대학교병원,"충청북도 청주시 서원구 1순환로 776-0, 충북대학교병원층 (개신동)",36.62386874432851,127.45872051783411
의료법인 힐링의료재단 옥천성모병원,"충청북도 옥천군 옥천읍 성왕로 1195-0,  층",36.313417574512776,127.56918021393057
의료법인 인화재단 한국병원,"충청북도 청주시 상당구 단재로 106-0, 한국병원층 (영운동)",36.61981854065126,127.49342817981658
의료법인 정산의료재단 효성병원,"충청북도 청주시 상당구 쇠내로 16-0, 효성병원층 (금천동)",36.624377783130385,127.49245448661674
의료법인 명지의료재단 명지병원,"충청북도 제천시 내토로 991-0, 의료법인명지의료재단명지병원층 (고암동)",37.16338479528851,128.23127742889704
충청북도 충주의료원,"충청북도 충주시 안림로 239-50, 충청북도충주의료원층 (안림동)",36.978425678449156,127.96710003456936
당진종합병원,충청남도 당진시 반촌로 5-15 (시곡동),36.90434182895558,126.68137740707564
재단법인 아산사회복지재단 부속 보령아산병원,충청남도 보령시 죽성로 136 (죽정동),36.38056964749619,126.62028772419632
의료법인 백제병원,충청남도 논산시 시민로294번길 14 (취암동),36.19257769991439,127.09093482495015
순천향대학교부속 천안병원,"충청남도 천안시 동남구 순천향6길 31,  5동 (봉명동,순천향대학교병원)층 (봉명동)",36.8025931491051,127.13281909170222
충청남도 공주의료원,"충청남도 공주시 무령로 77,  (웅진동)층 (웅진동)",36.45914470831803,127.1064179514006
충청남도 홍성의료원,충청남도 홍성군 홍성읍 조양로 224,36.59895720484692,126.67147359437791
충청남도 천안의료원,충청남도 천안시 동남구 충절로 537 (삼룡동),36.77546110465645,127.17716696142898
의료법인 영서의료재단 천안충무병원,충청남도 천안시 서북구 다가말3길 8 (쌍용동),36.79747563337341,127.12874095610816
서산중앙병원,"충청남도 서산시 수석산업로 5,  (수석동)층 (수석동)",36.781771689373294,126.50061557363155
의료법인 예당의료재단 예산종합병원,충청남도 예산군 예산읍 금오대로 94,36.690749536399984,126.83539062038221
아산충무병원,충청남도 아산시 문화로 381 (모종동),36.77930907921044,127.01700822921796
의료법인청언의료재단 순천제일병원,전라남도 순천시 기적의도서관1길 3 (조례동),34.95499549456565,127.52127742164946
의료법인해민의료재단 세안종합병원,"전라남도 목포시 고하대로 795-2, (연산동)층 (연산동)",34.8168785483207,126.37726483732051
해남우리종합병원,전라남도 해남군 옥천면 해남로 597,34.58411212797824,126.64360643907933
빛가람종합병원,전라남도 나주시 정보화길 49-0 (빛가람동),35.02451726447119,126.79628448764419
화순전남대학교병원,전라남도 화순군 화순읍 서양로 322,35.05936105808975,127.00007365133806
광양사랑병원,"전라남도 광양시 공영로 71,  (중동)층 (중동)",34.93616350845391,127.69410157214533
의료법인한마음의료재단 여수제일병원,"전라남도 여수시 쌍봉로 70,  (학동)층 (학동)",34.76594238545347,127.6606802365872
여천전남병원,"전라남도 여수시 무선로 95,  (선원동)층 (선원동)",34.769622679378124,127.65114229486585
의료법인목포구암의료재단 목포중앙병원,전라남도 목포시 영산로 623 (석현동),34.82104773485592,126.4179387562266
목포기독병원,전라남도 목포시 백년대로 303 (상동),34.80423022183074,126.41735438931602
성가롤로병원,전라남도 순천시 순광로 221 (조례동),34.96471065417033,127.5402406023646
의료법인한국의료재단 순천한국병원,전라남도 순천시 우명길 42 (연향동),34.94771340782236,127.5093948377483
의료법인현경의료재단 광양서울병원,전라남도 광양시 진등길 93 (마동),34.957246265158574,127.68849546799974
순천중앙병원,전라남도 순천시 장명로 5 (장천동),34.95127227431123,127.48162439911108
의료법인대송의료재단 무안병원,전라남도 무안군 무안읍 몽탄로 65,34.99204109842963,126.4865684879085
목포한국병원,전라남도 목포시 영산로 483 (상동),34.80916745566956,126.41345900629985
전라남도 순천의료원,전라남도 순천시 서문성터길 2 (매곡동),34.95841024566835,127.48074579252552
의료법인 우범의료재단 장흥종합병원,"전라남도 장흥군 장흥읍 흥성로 74, 74층",34.677051534386656,126.90804461484531
근로복지공단 순천병원,"전라남도 순천시 조례1길 24,  (조례동)층 (조례동)",34.96097151276471,127.5222805022899
전라남도 강진의료원,전라남도 강진군 강진읍 탐진로 5,34.637331833887316,126.75488031381465
목포시의료원,"전라남도 목포시 이로로 18,  (용해동)층 (용해동)",34.803979861141926,126.40247557073971
의료법인영성의료재단 고흥종합병원,전라남도 고흥군 고흥읍 고흥로 1935,34.62109445092371,127.29111592513772
의료법인행촌의료재단 해남종합병원,전라남도 해남군 해남읍 해남로 45,34.571689557490004,126.60974237295879
영광종합병원,전라남도 영광군 영광읍 와룡로 3,35.284326515829456,126.49640791522177
나주종합병원,"전라남도 나주시 영산로 5419, 나주종합병원층 (성북동,나주종합병원)",35.03645071889869,126.71849295958762
의료법인거명의료재단 영광기독병원,전라남도 영광군 영광읍 신남로 265,35.274942671493605,126.50802008443752
여수전남병원,"전라남도 여수시 좌수영로 49,  (광무동)층 (광무동)",34.74496988783913,127.7250020172338
영주적십자병원,"경상북도 영주시 대학로 327-0, 영주적십자병원층 (가흥동,영주적십자병원)",36.825152651656005,128.60113569023372
상주적십자병원,경상북도 상주시 상서문로 53 (남성동),36.41454386558545,128.15272554790064
경상북도김천의료원,경상북도 김천시 모암길 24 (모암동),36.122453143688105,128.12378725099776
경상북도포항의료원,"경상북도 포항시 북구 용흥로 36,  (용흥동)층 (용흥동)",36.035089245938764,129.35180439151463
동국대학교의과대학경주병원,경상북도 경주시 동대로 87 (석장동),35.858240996671285,129.192165142146
영남대학교의과대학부속영천병원,경상북도 영천시 오수1길 10 (오수동),35.957383620476485,128.9105663045464
구미강동병원,경상북도 구미시 인동20길 46 (진평동),36.09605710360394,128.42011643918687
포항성모병원,"경상북도 포항시 남구 대잠동길 17,  (대잠동)층 (대잠동)",36.01652019569442,129.33683626989952
안동성소병원,경상북도 안동시 서동문로 99 (금곡동),36.56711979013094,128.71994136279
의료법인안동병원,경상북도 안동시 앙실로 11 (수상동),36.546823624794655,128.69808001753475
의료법인 근원의료재단 경산중앙병원,경상북도 경산시 경안로 11 (백천동),35.80884117473454,128.73737341930712
에스포항병원,경상북도 포항시 남구 희망대로 352 (이동),36.03519347272219,129.32893470822907
의료법인한성재단포항세명기독병원,경상북도 포항시 남구 포스코대로 351 (대도동),36.01757293145649,129.3590639627733
순천향대학교 부속 구미병원,"경상북도 구미시 1공단로 179,  (공단동)층 (공단동)",36.10292023362158,128.37978945877316
경상북도안동의료원,경상북도 안동시 태사2길 55 (북문동),36.56798351031025,128.72935036755248
의료법인동춘의료재단문경제일병원,경상북도 문경시 당교3길 25 (모전동),36.584707538434095,128.18638672495462
의료법인삼백의료재단상주성모병원,경상북도 상주시 냉림서성길 7 (냉림동),36.420282141252926,128.15687435532791
의료법인덕산의료재단김천제일병원,경상북도 김천시 신음1길 12 (신음동),36.13548114363043,128.11611338611576
의료법인 서명의료재단 세명종합병원,경상북도 경산시 경안로 208 (중방동),35.826119886450584,128.73456479112585
의료법인은성의료재단좋은선린병원,경상북도 포항시 북구 대신로 43 (대신동),36.04804654405882,129.36422888374548
차의과학대학교부속구미차병원,경상북도 구미시 신시로10길 12 (형곡동),36.11446602399642,128.33763880335266
제주대학교병원,"제주특별자치도 제주시 아란13길 15-0,  0동 0층 0호 (아라일동,제주대학교병원)층 (아라일동)",33.46719474700914,126.54263818371147
의료법인 중앙의료재단 중앙병원,"제주특별자치도 제주시 월랑로 91-0, 중앙병원층 (이호이동)",33.49190355506424,126.46721925378222
제주한라병원,"제주특별자치도 제주시 도령로 65,  (연동)층 (연동)",33.49035966431891,126.48203618053294
제주특별자치도 서귀포의료원,"제주특별자치도 서귀포시 장수로 47-0, 서귀포의료원층 (동홍동,서귀포의료원)",33.255901756467345,126.56092995522563
한마음병원,"제주특별자치도 제주시 연신로 52, (이도이동)층 (이도이동)",33.49666276216014,126.54345156595339
의료법인 혜인의료재단 한국병원,제주특별자치도 제주시 서광로 193 (삼도일동),33.50039053836465,126.51418318964771
연세대학교 원주세브란스기독병원,"강원특별자치도 원주시 일산로 20-0,  (일산동)층 (일산동)",37.34810532354767,127.9423573561144
근로복지공단 태백병원,"강원특별자치도 태백시 보드미길 8,  (장성동)층 (장성동)",37.103983326065816,129.00130620342642
강릉아산병원,"강원특별자치도 강릉시 사천면 방동길 38-0, 강릉아산병원층",37.8181783655,128.85563290296685
강원특별자치도영월의료원,"강원특별자치도 영월군 영월읍 중앙1로 59-0, 영월의료원층 (영월의료원)",37.18651414152141,128.46222138606174
의료법인 동해동인병원,"강원특별자치도 동해시 하평로 26,  (평릉동)층 (평릉동)",37.53005547115628,129.10450539141019
강원특별자치도원주의료원,"강원특별자치도 원주시 서원대로 387,  (개운동)층 (개운동)",37.33296109833442,127.94578182153643
강원특별자치도강릉의료원,"강원특별자치도 강릉시 경강로 2007-0, 강릉의료원층 (남문동)",37.74943922518936,128.8861569257624
강원특별자치도속초의료원,"강원특별자치도 속초시 영랑호반길 3,  (영랑동)층 (영랑동)",38.216498010270946,128.58597333769717
근로복지공단 동해병원,"강원특별자치도 동해시 하평로 11,  (평릉동)층 (평릉동)",37.531369327046356,129.10498537746844
한림대학교춘천성심병원,"강원특별자치도 춘천시 삭주로 77, 77층 (교동)",37.88374436341683,127.73671602583265
홍천아산병원,"강원특별자치도 홍천군 홍천읍 산림공원1길 17, 17층",37.69084186664382,127.89189730123728
의산의료재단 강릉고려병원,"강원특별자치도 강릉시 옥가로 30, 30층 (옥천동)",37.75898461139205,128.89689809103407
온재병원,"강원특별자치도 속초시 중앙로 11-0, 속초보광병원층 (교동)",38.19815199463259,128.57551007301188
재단법인 아산사회복지재단 정읍아산병원,"전북특별자치도 정읍시 충정로 606-22, (용계동)층 (용계동)",35.588771273985074,126.82074667104216
원광대학교병원,"전북특별자치도 익산시 무왕로 895, (신동)층 (신동)",35.96783774213084,126.95520517217282
전북대학교병원,"전북특별자치도 전주시 덕진구 건지로 20,  (금암동)층 (금암동)",35.847008285768446,127.13786981306842
전북특별자치도 남원의료원,"전북특별자치도 남원시 충정로 365, (고죽동)층 (고죽동)",35.43185582841938,127.40525662521546
의료법인석천재단고창병원,전북특별자치도 고창군 고창읍 화신1길 9,35.4363544614908,126.69040539113581
의료법인영경의료재단전주병원,"전북특별자치도 전주시 완산구 한두평3길 13, (중화산동2가, 전주병원)층 (중화산동2가)",35.81519416047857,127.12184184291344
의료법인 오성의료재단 동군산병원,"전북특별자치도 군산시 조촌로 149,  (조촌동)층 (조촌동)",35.977533859522254,126.73430749849608
재단법인예수병원유지재단예수병원,"전북특별자치도 전주시 완산구 서원로 365, (중화산동1가, 예수병원)층 (중화산동1가)",35.814370894762575,127.13022602702638
부안성모병원,전북특별자치도 부안군 부안읍 오정2길 24,35.72478422999952,126.73157423199294
전주고려병원,"전북특별자치도 전주시 덕진구 안덕원로 367, (산정동)층 (산정동)",35.83991161314684,127.16401856152213
익산병원,"전북특별자치도 익산시 무왕로 969, (신동)층 (신동)",35.96182421578206,126.96379705477223
전북특별자치도 군산의료원,"전북특별자치도 군산시 의료원로 27, (지곡동, 군산의료원)층 (지곡동)",35.954594280586065,126.70950159310866
대자인병원,"전북특별자치도 전주시 덕진구 견훤로 390, (우아동3가)층 (우아동3가)",35.845945411487385,127.15052151458454
정읍한국병원,"전북특별자치도 정읍시 서부산업도로 425-12,  1동 (농소동,한국병원)층 (농소동)",35.58434207133048,126.84847427990921
