관광지명,위도,경도
홍길동테마파크,35.31862071,126.7265578
장성호관광지,35.41373254,126.8508186
수동관광지,37.75797919,127.2753596
평택호관광단지,36.914825,126.912951
서낙동강카누경기장,35.17013026,128.9068188
강서체육공원,35.21018443,128.9723366
렛츠런파크 부산경남,35.15474347,128.8819186
명월사지흥국사,35.13886951,128.8341451
맥도생태공원,35.15230906,128.9549009
대저생태공원,35.20985086,128.9845591
낙동강제방(강서30리벚꽃길),35.20985086,128.9845591
가덕도,35.05664068,128.8316554
부산영화체험박물관,35.10169342,129.033594
광복로,35.09947039,129.0311659
용두산공원,35.1009305,129.0324434
보수동책방골목,35.10323904,129.0263248
영도대교,35.09725344,129.035681
BIFF광장,35.09862035,129.0287588
40계단테마거리,35.10397225,129.0346287
자갈치시장,35.09661444,129.0305818
회상나루관광지,36.44187503,128.2657793
경천대관광지,36.45722382,128.2478641
땅끝관광지,34.29471348,126.5250233
우수영관광지,34.57257374,126.3101147
모항해수욕장,35.5831428,126.5082098
위도해수욕장,35.60583098,126.2853294
변산해수욕장,35.67999179,126.5309105
무주 덕유산 리조트,35.889797,127.731389
가위박물관,35.76592077,127.4150023
진안고원치유의숲,35.87516093,127.4177407
데미샘자연휴양림,35.6569938,127.4610402
운장산자연휴양림,35.89924607,127.4211096
용담호및주변시설,35.94593497,127.5256742
마이산도립공원 일원,35.75700898,127.3938329
운일암반일암,35.97596963,127.408748
덕산온천관광단지,36.69075649,126.659328
예당관광지,36.63801252,126.799434
교리관광지,37.01656717,128.1768531
제천온천관광지,36.92183352,128.1819714
제천 성내관광지,37.03366403,128.1751729
만남의광장,37.01083356,128.1811895
계산관광지,37.017861,128.130911
금월봉관광지,37.04384263,128.1736527
능강관광지,36.99002277,128.1956764
광덕계곡관광지,38.07630808,127.4817356
달맞이동산지구,35.15768146,129.1825429
해운대해수욕장,35.15910698,129.1602838
동백섬,35.15234205,129.1513619
요트올림픽동산지구,35.16578256,129.1350266
용호 Sea-Side 관광지,35.1004511779,129.1185343066
영도관광안내센터,35.09454127,129.0387847
궁산땅굴역사전시관,37.57266746,126.8383649
허준근린공원,37.56759867,126.8537291
허가바위,37.56983571,126.8500301
서울양천고성지,37.57425363,126.8413319
약사사,37.58312625,126.8050072
양천향교,37.572863,126.839905
신륵사관광지,37.29742583,127.6599364
진해해양레포츠센터,35.14129989,128.6883002
웅천도요지전시관,35.12738997,128.8155983
마산해양레포츠센터,35.19529973,128.5738199
창원과학체험관,35.230268,128.6617774
마금산온천,35.35464845,128.6094168
주남저수지,35.30732964,128.6779306
창원의집,35.24444959,128.6813533
창원단감테마공원,35.29915488,128.6632468
별밤미술관 in 선운,35.14604759,126.7732908
별밤미술관 in 신창,35.19467258,126.8452966
별밤미술관 in 운남,35.17144137,126.8159402
별밤미술관 in 수완,35.18597183,126.819001
별밤미술관 in 첨단,35.22222807,126.8442514
소촌아트팩토리,35.15262857,126.7912355
송정작은미술관,35.13510527,126.7933629
수완호수공원,35.18794733,126.8202489
쌍암공원,35.22222807,126.8442514
신창동 유적체험학습관,35.19348956,126.8504632
호가정,35.08243286,126.7871342
용아생가,35.14942906,126.7951682
무양서원,35.21001305,126.8400956
월봉서원,35.23583653,126.7451862
침산정,35.897221,128.5848591
구암서원,35.89881592,128.5989989
함지공원,35.9424608,128.570482
경북대학교 캠퍼스,35.88909849,128.6143217
금호강하중도,35.90019471,128.5595886
팔달대교 야경,35.89629048,128.5491628
운암지수변공원,35.93241418,128.5674979
꽃보라동산,35.88935018,128.601059
달성토성마을,35.87331563,128.5753765
표충사,35.532294,128.9590450
만어사,35.454932,128.8462220
밀양영남루,35.49154522,128.7556080
밀양관아,35.49429512,128.7543310
밀양향교,35.50660573,128.7545381
예림서원,35.46605971,128.7299691
작원관지,35.39853126,128.8665763
표충비,35.471582,128.6520376
주왕산 관광지,36.37813214,129.108598
불정자연휴양림,36.62128207,128.1365074
문경 활공랜드,36.7362239,128.1538507
문경 종합온천,36.72937376,128.1089547
문경짚라인,36.62285644,128.1367824
"고모산성, 토끼비리",36.66292256,128.1290151
문경 오미자테마터널,36.65989315,128.1286031
문경 철로자전거(가은역),36.64931827,128.0607306
문경 철로자전거(구랑리역),36.66102501,128.0993075
문경 철로자전거(진남역),36.65438526,128.1283486
문경 에코월드(석탄박물관 포함),36.65420039,128.0613259
문경새재 도립공원,36.76160207,128.0769905
광양 김 시식지,34.94697848,127.7519933
배알도수변공원,34.959931,127.7601849
해오름육교,34.93442662,127.7061606
무지개다리,34.93679857,127.715141
광양항해양공원,34.92127751,127.6939636
구봉산전망대,34.93646837,127.6427008
느랭이골자연리조트,35.06003247,127.7114041
광양매화문화관,35.07665864,127.7180474
윤동주 유고 보존 정병욱 가옥,34.97075423,127.759122
섬진강 망덕포구,34.96787088,127.7579265
기독교선교100주년기념관,35.04305027,127.6604508
국사봉랜드,35.00642478,127.6525399
광양 옥룡사지,35.04701721,127.6085305
백운산자연휴양림,35.05164423,127.5985292
해달별천문대,35.07478024,127.5540516
매천황현생가,34.99341564,127.561707
광양 궁시장,34.98778794,127.5865036
광양 마로산성,34.966742,127.619496
사라실 예술촌,34.962211,127.626222
사라실 라벤더 단지,35.04162939,127.270748
광양역사문화관,34.9757671,127.5859802
광양와인동굴,34.96130264,127.6085909
도립미술관,34.96887104,127.5903033
장도전수관,34.97705608,127.5805515
서천무지개분수대,34.9735109,127.5756854
유당공원,34.97010442,127.5924243
금강호관광지,36.01987856,126.7653058
은파관광지,35.95536227,126.6890748
춘장대,36.16334922,126.5243355
금강하구둑관광지,36.01993599,126.736726
수옥정,36.81361722,128.036232
괴강,36.80676203,127.8252917
산장관광지,37.754183,127.410629
대성관광지,37.681431,127.379521
누리천문대,37.33028283,126.9153444
물누리체험관,37.32136505,126.8996775
수리사,37.35443607,126.8967938
철쭉동산,37.35543392,126.924967
초막골 생태공원,37.35410097,126.9191417
반월호수,37.32458238,126.8899642
동구릉,37.617129,127.136334
고구려대장간마을,37.560808,127.110949
서빙고동 부군당,37.520454,126.993114
이슬람 중앙성원,37.5332513,126.997615
작은한강 부군당(한남제2부군당),37.529112,127.0047267
큰한강 부군당(한남제1부군당),37.531338,127.0103972
석정온천관광지,35.43111098,126.7405968
섬진강변 철쭉길,35.26690786,127.3325028
대황강자연휴식공원,35.12890532,127.2559931
반구정습지,35.11550817,127.2453298
대황강 출렁다리,35.15035107,127.3286414
곡성집라인,35.23192974,127.3698908
대관령어흘리관광지,37.719113,128.7959193
등명해변관광지,37.70232906,129.0161926
연곡해변관광지,37.85990446,128.8520583
주문진해변관광지,37.91144947,128.8177557
옥계해변관광지,37.62673237,129.0485254
금정산성마을,35.250339,129.0561338
부산대젊음의거리,35.229587,129.0888177
오륜대한국순교자박물관,35.24570172,129.1009016
요산문학관,35.27236562,129.085732
청도소싸움미디어체험관,35.68529236,128.7242012
한국코미디타운,35.69358927,128.6863109
청도박물관,35.6942561,128.6865383
아우라지 관광지,37.47574407,128.7243663
화암관광지,37.35092374,128.7896216
한산도 제승당,34.79264032,128.4759648
한려수도조망케이블카,34.82665041,128.4251243
한용운선생생가지,36.56214158,126.5529499
백야 김좌진 장군 생가,36.59786571,126.5471345
남당항,36.53886252,126.4716002
무창 농촌체험 휴양마을,35.28642041,127.1520961
상한 농촌체험 휴양마을,35.16105726,127.3987916
봉조 농촌체험 휴양마을,35.21496518,127.3604656
두계 농촌체험 휴양마을,35.24354627,127.3790396
섬진강변 자전거하이킹,35.27753393,127.3082912
미륵사지관광지,36.01154232,127.0287139
금마관광지,36.0015063,127.0570781
세빛섬· 반포대교 달빛무지개분수,37.5124362,126.9959623
고투몰,37.50622031,127.0050517
매헌 윤봉길의사 기념관,37.4730498,127.0369771
대신주말농장 정보화마을,35.29488111,127.3237142
봉정 농촌체험 휴양마을,35.19394727,127.3107811
칠봉 농촌체험 휴양마을,35.24620059,127.1802226
용암 농촌체험 휴양마을,35.12878212,127.3134337
죽산 농촌체험 휴양마을,35.23352336,127.1752282
가정 농촌체험 휴양마을,35.22727591,127.3704119
안개 농촌체험 휴양마을,35.29052093,127.3419816
태안사,35.13195828,127.3863807
태안사계곡,35.13195828,127.3863807
도림사계곡,35.26724907,127.2575171
청계동계곡,35.31375081,127.2525557
대황강자연휴식체혐장야영장,35.12497878,127.2550756
청계동솔바람야영장,35.31107436,127.2623887
도림사오토갬핑리조트,35.26209959,127.2668616
가정역(섬진강출렁다리),35.23018353,127.3682034
곡성기차당 뚝방마켓,35.27976851,127.2984376
소래역사관,37.39816347,126.7375992
춘천호반(삼악산),37.825714,127.659368
구곡폭포,37.797033,127.615852
다리안관광지,36.9647819,128.4207808
김해한옥체험관,35.23436297,128.8766847
클레이아크김해미술관,35.25086479,128.7457858
롯데워터파크,35.17891121,128.8285605
김해천문대,35.25306424,128.887298
가야랜드,35.25817158,128.9024348
김해낙동강레일파크,35.37177644,128.8208387
김해가야테마파크,35.25163508,128.8937494
프로방스 포토랜드,35.68397476,128.7187441
천동관광지,36.97401141,128.4165952
온달관광지,37.06295564,128.4929221
무창포해수욕장,36.24457737,126.5365426
대천해수욕장,36.31554012,126.5108563
김해수로왕릉,35.23487875,128.8772054
노무현대통령생가,35.31448783,128.7712136
울주 대곡리 반구대 암각화,35.60863087,129.172957
외고산옹기마을,35.435094,129.2795067
영남알프스 복합웰컴센터,35.55645417,129.0679842
진하해수욕장,35.38384823,129.3460154
와인터널,35.71513567,128.7205341
청도소싸움경기장,35.6867346,128.7251449
새마을운동발상지기념공원,35.60012971,128.7661487
청도신화랑풍류마을,35.71750257,128.9207343
청도자전거공원,35.5881145,128.7661742
청도레일바이크,35.58811543,128.7661723
왜목마을관광지,37.04493276,126.5246154
삽교호관광지,36.88890544,126.8247541
곡성아트빌리지,35.23004949,127.3677915
섬진강 침실습지,35.27503038,127.3335915
기차마을 장미공원,35.27753157,127.3082867
곡성 섬진강 기차마을,35.27753157,127.3082867
예천삼강,36.56378393,128.304509
예천포리관광지,36.70015808,128.514204
사선대관광지,35.672357,127.2746265
오수의견관광지,35.54520338,127.3326779
장림포구,35.08037994,128.95569762
금강공원,35.21962513,129.075758
박차정의사생가,35.20169645,129.090397
장영실과학동산,35.20916308,129.0896688
우장춘기념관,35.213515,129.0720181
금성당,37.6351354710,126.9253799732
은평역사한옥박물관,37.6403324561,126.9380102120
설악한화리조트,38.21030036,128.5287214
척산온천,38.19020313,128.5407019
속초해수욕장,38.19014884,128.6035305
설해원(양양국제공항),38.055556,128.664198
지경관광지,37.927413,128.794861
오색관광지,38.077061,128.5128997056
벽계관광지,35.42604967,128.2080942
방동관광지,37.94387136,128.3962628
한국이슬람부산성원,35.25998626,129.0922564
스포원파크,35.28912108,129.1070434
서동미로시장,35.21586987,129.102466
회동수원지,35.24707332,129.115753
범어사,35.28304308,129.0676212
결성동헌,36.551381,126.611921
홍주의사총,36.6048297,126.6708805
충남보훈관,36.602981,126.660651
홍주성 역사관,36.60019877,126.6609204
성삼문 선생 유허지,36.64524478,126.7310363
산청전통한방휴양관광지,35.441066,127.829361
왕궁보석테마 관광지,35.99061279,127.1025486
서포리관광지,37.2232919,126.1169337
남당항 해양분수공원,36.538115,126.473753
홍성스카이타워,36.576682,126.464427
달음산자연휴양림,35.291977,129.213303
박태준기념관,35.316877,129.261226
죽성드림세트장,35.24113258,129.2479302
장태산휴양림,36.21596913,127.3412778
대청호반,36.47362538,127.4735679
계족산황톳길,36.40406651,127.4297932
한밭수목원,36.36646857,127.3880154
엑스포과학공원,36.37662561,127.3871992
뿌리공원,36.28537962,127.3883000376
오월드,36.28749807,127.3985061
이병주문학관,35.09720238,127.8942256
삼성궁,35.23870093,127.7054288
화개장터,35.18798946,127.6240666
최참판댁,35.15590905,127.688408
정양레포츠공원,35.55690191,128.1668052
황계폭포,35.51135706,128.071173
영상테마파크&청와대세트장,35.54877253,128.0728984
황매산군립공원,35.48184913,128.0037495
합천박물관,35.58042271,128.2829423
오도산 자연휴양림,35.67233319,128.0553007
대장경테마파크,35.76749785,128.1365362
해인사,35.801504,128.0976255
화원관광지,35.8127712325,128.4806365248
비슬산관광지,35.6933423054,128.5058006463
서창한옥문화관,35.11523537,126.8300424
해양자연사박물관,35.2219498,129.075647
충렬사,35.199577,129.0959922
복천박물관,35.20877662,129.0911741
허심청,35.221157,129.0826889
동춘당,36.36537889,127.4412933
대전둘레산길,36.30879672,127.4231236
공주문화관광지,36.47022166,127.1117007
마곡사관광지,36.55617136,127.0205918
난지섬관광지,37.047036,126.4242087
망상,37.59225327,129.0896922
무릉계곡,37.463551,129.0146909
합천호회양관광단지,35.524398,128.016537
신소양체육공원,35.580901,128.170251
해인사 소리길,35.76749785,128.1365362
정양늪생태공원,35.55322772,128.162786
영산호관광지,34.776135,126.4577774
마한문화,34.89539241,126.5859196
성기동,34.75653201,126.6291224
송정관광지,34.7231451,128.0249667
빛가람호수공원전망대,35.01395501,126.7949874
일본인근대가옥,34.99946578,126.7131249
나주복암리고분전시관,34.99608962,126.6570592
영산포 역사갤러리,35.00072134,126.7115039
국립나주박물관,34.91485383,126.6589014
백호문학관,34.99694703,126.6668094
반남고분군,34.91475649,126.6613546
남파고택,35.03051267,126.7184493
금정산,35.28304264,129.0676208
송도용궁구름다리,35.0619212,129.021965
송도오션파크,35.0727183,129.0174477
임시수도기념관,35.10374876,129.0175954
구덕운동장,35.11659638,129.0145297
천마산조각공원,35.08903987,129.0174786
부산공동어시장,35.08990091,129.0263675
대신공원,35.121591,129.0161785
구덕문화공원,35.12641369,129.005742
암남공원,35.0616574,129.0149368
송도해수욕장,35.07682117,129.0180502
송도해상케이블카,35.07664334,129.0233986
마니산 국민관광지,37.63245827,126.4237957
김포함상공원,37.6406387,126.539261
애기봉 평화생태공원,37.75316598,126.5942484
직탕,38.2069247,127.2690548
하동 플라이웨이 케이블카,34.9807001529,127.8953015127
하동코리아짚와이어,34.98260917,127.894714
지리산역사관,35.2896912,127.646527
하동레일파크,35.11333681,127.8929765
압록유원지,35.19196269,127.3775123
압록상상스쿨,35.19580901,127.375484
섬진강도깨비마을,35.25424902,127.363209
곡성섬진강천문대,35.22666779,127.3691674
다덕약수관광지,36.9141215,128.8273232
오전약수관광지,37.01209531,128.7457209
함평자동차극장,35.0581392300,126.5226056000
꽃무릇공원,35.18352786,126.5452774
일강김철선생기념관,35.18893103,126.4801235
천은사,35.2730927149,127.476325
화엄사,35.2573160234,127.4977197326
섬진강대숲길,35.1863378056,127.4652530574
지리산정원,35.2872264338,127.4388392323
노고단,35.2362904501,127.5547985930
국악의 성지,35.459997,127.569101
혼불문학관,35.481096,127.319992
남원시립김병종미술관,35.398706,127.389555
남원항공우주천문대,35.399194,127.387388
춘향테마파크,35.401464,127.386902
남원관광지,35.402481,127.386137
아담원,35.440571,127.476826
만인의총,35.420404,127.377325
남원백두대간생태교육장전시관,35.397328,127.5079302
지리산허브밸리,35.435092,127.548617
섬진강어류생태관,35.1874522353,127.5465226180
지리산역사문화관,35.2440852427,127.4837598742
한국압화박물관,35.1966499793,127.4599106331
운조루,35.2059449812,127.5152885523
사성암,35.1801282769,127.480644
씨월드,34.835848,128.701478
청마기념관,34.854887,128.517123
우제봉전망대,34.73218035,128.6738928
바람의언덕,34.74401583,128.6632699
연천재인폭포,38.07672631,127.142345
한탄강관광지,38.00887699,127.0588604
대가야역사테마관광지,35.72008263,128.2596761
대가야생활촌,35.7118532,128.269244
유치환의 우체통,35.12209588,129.0338423
김민부전망대,35.1176995,129.0353474
168계단 부대시설,35.1176995,129.0353474
이바구충전소,35.11735028,129.034686
장기려더나눔센터,35.11853593,129.0326526
이바구공작소,35.11709939,129.0338233
유성온천,36.3547298,127.3375865
으능정이문화의거리,36.32934665,127.428337
대전문화예술단지,36.366496,127.3880154
광명동굴,37.42467857,126.8634321
신원재,36.255245,127.2705257
이심원충신정려현판,36.280034,127.2470773
염선재,36.2693923,127.261851
모원재,36.254886,127.2732753
사계고택,36.265691,127.2719783
은대리 문화벽돌공장,38.051066007,127.0713676999
연천전곡리유적,38.01564838,127.0614526
당포성,38.02350322,126.9854182
연천호로고루,37.98583872,126.8596065
망양로산복도로전시관,35.117653,129.033231
168 더데크,35.117273,129.036088
명란브랜드연구소,35.117117,129.035016
만화카페,35.13675143,129.0496096
좌천동굴,35.13325838,129.0522683
안용복기념 부산포개항문화관,35.13563677,129.0529467
만화체험관,35.13778041,129.0497944
소흥관(한중우호센터),35.11507608,129.0375502
중흥골드스파&리조트,34.94833414,126.8714774
나주목문화관,35.03232804,126.7157031
나주시천연염색박물관,34.99403168,126.6625254
노안천주교회,35.10432714,126.6754469
구)나주역,35.0280742,126.7262445
남고문,35.0295791,126.7204701
영모정,34.9973737,126.6671219
목사내아,35.0320205,126.7151642
완사천,35.01496092,126.7128194
나주향교,35.03403137,126.711466
정수루,35.03193288,126.7150148
도래마을(홍기옥 가옥),34.9981825,126.8223995
금성관,35.03335643,126.7165553
불회사,34.90877918,126.8234812
좌구산 천문대,36.70370345,127.6530963
좌구산휴양랜드,36.70556821,127.6511216
옹기테마공원,37.61265372,127.0885194
중랑캠핑숲,37.60495511,127.1099608
망우리공원,37.59835362,127.1148164
용마폭포공원,37.57335201,127.0891138
추암,37.477063,129.159196
창녕 남지 개비리,35.3945598,128.4405466
낙동강 유채단지,35.384718,128.4715696
부곡온천관광특구,35.4361725,128.5916371
화왕산,35.54419647,128.5344873
창녕 우포늪,35.54456088,128.4191195
김포평화누리길 3코스,37.70077831,126.6622045
김포평화누리길 2코스,37.73869766,126.5484911
김포평화누리길 1코스,37.6535376,126.5533799
강감찬전시관,37.47197208,126.959371
미당서정주의 집,37.4734032,126.973367
불갑사관광지,35.199675,126.550047
헌인릉,37.46537744,127.0837156
국립국악원,37.47835156,127.0090736
예술의전당,37.4802402,127.0142152
초당관광지,37.37650408,129.2047561
장호관광지,37.2868038,129.3079336
맹방관광지,37.39591618,129.2207941
백암온천 관광지,36.72132775,129.343467
성류굴 관광지,36.95884825,129.3794409
감귤박물관,33.27159304,126.6074285
용머리해안,33.23342738,126.3136956
산방산,33.23697818,126.312306
천제연폭포,33.2526783,126.4183754
주상절리대,33.23799399,126.4260174
정방폭포,33.24474912,126.5730486
천지연폭포,33.2447447,126.5595511
성옥기념관,34.78698576,126.3798645
"목포근대역사관 2관 (구,동양척식주식회사)",34.78596374,126.3814912
"목포근대역사관 1관 (구, 일본영사관)",34.78769578,126.3817942
인천도시역사관,37.39281227,126.6358879
인천상륙작전기념관,37.42070925,126.6531798
인천가스과학관,37.34875022,126.6077146
창녕 영산 만년교,35.45282939,128.5283272
산토끼노래동산,35.57772326,128.3835799595
오동도,34.7443435,127.764121
미사경정공원,37.5536259053,127.2132295877
이성산성,37.52530687,127.1847777
광주향교,37.52207622,127.1984175
유니온파크,37.54654783,127.2205032
해미읍성,36.71356,126.55038
용현자연휴양림,36.75188,126.60764
서산버드랜드,36.63124,126.37809
서산류방택천문기상과학관,36.72736,126.41315
여수이순신대교,34.8892365327,127.7049289912
예술랜드리조트,34.69510702,127.7769452
여수해양공원,34.73676698,127.7484079
여수세계박람회장,34.75218956,127.7465005
여수해상케이블카,34.7402223,127.7529197
향일암,34.59379448,127.8029861
진남관,34.7413383,127.7365704
회산백련지,34.86008886,126.5298981
임진각관광지,37.88953876,126.7401859
공릉관광지,37.74984994,126.8335561
한국민속촌,37.25913189,127.1225431
에버랜드,37.2940667,127.202128
실안관광지,34.94398447,128.0399764
가천박물관,37.41847997,126.6576026
박두진문학관,37.03497856,127.3108743
안성3.1운동기념관,37.06278592,127.1752942
안성맞춤박물관,37.011318,127.228354
안성맞춤공예문화센터,37.03497838,127.3108743
안성맞춤천문과학관,37.03291074,127.3125372
안성시사계절썰매장,37.0312917,127.3114616
안성맞춤캠핑장,37.03129806,127.3091429
안성맞춤랜드,37.0328236,127.3078038
안성남사당공연장,37.03181804,127.310053
장사해수욕장관광지,36.2824187,129.3755938
고래불관광지,36.57151713,129.4190153
방화동가족휴가촌,35.59064179,127.5268761
대둔산도립공원,36.11708032,127.3328815
장도포대지,37.39790186,126.7382687
소래철교,37.3988308,126.7403795
소래습지생태공원,37.40736572,126.7463366
소래포구,37.3988308,126.7403795
라비에벨,37.741217,127.7578198
신영,37.747692,127.7252549
춘천호반(하중도),37.88224246,127.6963924
청평사(춘천),37.986071,127.808407
서산동 시화골목,34.78174519,126.3773176
유달산,34.79142993,126.3759183
구 동본원사 목포별원,34.78970032,126.3842863
농월정,35.62464301,127.7815571
롯데월드 부산,35.19603043,129.2129711
함평엑스포공원,35.05813923,126.5226056
운주사,34.92906333,126.8825635
도곡온천,35.02470562,126.903529
화순온천,35.1624699,127.0837781
후곡약수터,38.167554,128.057021
양구자연생태공원,38.189801,128.079108
국토정중앙천문대,38.068791,128.029681
제4땅굴,38.319461,128.110627
을지전망대,38.328304,128.126482
한반도섬,38.130774,127.982758
두타연,38.246709,127.982055
선바위관광지,36.60854407,129.0820141
장계관광지,36.37753534,127.6350074
가조수협효시공원,34.929516,128.525144
노을이물드는언덕,34.95450963,128.5194543
알로에테마파크,34.835716,128.560282
신라불교초전지,36.2909091829,128.3633378140
함평양서파충류생태공원,35.13834076,126.4937003
함평자연생태공원,35.13500123,126.5056999542
함평해수찜,35.10050068,126.4648643
국립칠곡숲체원,36.063539,128.466183
가산수피아,36.086109,128.485044
칠곡양떼목장,35.984545,128.488740
칠곡호국평화기념관,36.017918,128.404032
칠곡보오토캠핑장,36.020591,128.394566
송정자연휴양림,36.023332,128.441641
다부동전적기념관,36.046443,128.518875
구상문학관,35.983943,128.394568
가산산성야영장,36.016197,128.618108
가산산성,36.021011,128.590851
태조산관광지,36.82207666,127.1889559
천안종합휴양관광지,36.75731215,127.2240961
아쿠아리움,36.31005741,127.4209439
뿌리공원,36.28538043,127.3883000376
오-월드,36.28749924,127.3985039
가조온천,35.69875771,128.0231044
명승 거창 수승대,35.760923,127.8336763
해조류센터,34.320789,126.748793
신지명사십리해수욕장,34.327329,126.8088597
산청금서관광지,35.394237,127.847052
산청중산관광지,35.293297,127.7549317
삼도수군통제영,34.84715495,128.423489
통영시립박물관,34.84075153,128.4167887
장사도해상공원,34.71373747,128.5588706
해저터널,34.83609021,128.411698
박경리기념관,34.802301,128.4035792
김영삼전대통령생가기록전시관,34.931413,128.715439
물빛나루쉼터(김시민호),35.18657405,128.0788814
진주 K-기업가정신센터,35.23484495,128.2705103
월아산 숲속의 진주,35.199915,128.1941257
경상남도 수목원,35.15719862,128.2957346
진양호,35.17660992,128.0362677
진주성,35.19043229,128.0802214
백련사,34.58775658,126.747892
고려청자박물관,34.50866203,126.8008374
다산초당,34.5807211,126.7449445
영랑생가,34.64209922,126.7655711
가우도,34.53639111,126.7910468
쉬자파크,37.51122354,127.5331978
세미원,37.54093866,127.3239608
두물머리,37.53362262,127.3174715
용문산 관광지,37.54529617,127.583066
백운계곡,38.072165,127.409889
산정호수,38.065669,127.315722
삼학도크루즈,34.78101571,126.387931
목포해상케이블카,34.79940179,126.3700239
춤추는 바다분수,34.79666213,126.4337909
연희네슈퍼(영화 1987 촬영지),34.78174519,126.3773176
용대관광지,38.18568475,128.3061965
도림사,35.26727743,127.2575047
고씨굴 관광지,37.13117779,128.5352623
옛 용산공설시장(현 남영아케이드),37.543723,126.972924
옛 남영동 대공분실(현 민주화운동기념관),37.54101166,126.9716345
찬바람재,37.534815,126.987014
일제 경성호국신사 계단(108계단),37.546023,126.982542
서울 해병대사령부 초대교회,37.54303445,126.982882
후암동 조선은행 사택지,37.547716,126.9786783
서울 한양도성(서울성곽),37.551483,126.9853756
아리랑마을관광지,34.38201529,126.2310334
회동관광지,34.42726548,126.3513474
녹진관광지,34.56907794,126.300024
에듀팜특구관광단지(벨포레리조트),36.84514868,127.5821182
증평인삼문화센터,36.79588146,127.5817602
보강천 미루나무숲,36.78834006,127.5810146
증평민속체험박물관,36.7638886,127.5955694
서울 구 용산철도병원 본관(현 용산역사박물관),37.52557465,126.9656016
연복사탑중창비,37.5297718,126.9647415
남이장군 사당,37.536475,126.958433
이봉창 의사 역사울림관,37.54010272,126.960852
백범김구기념관,37.54427794,126.959253
이봉창 의사 집터,37.540313,126.959653
3.1운동 용산인쇄소 노동자 만세시위지,37.53543893,126.9584156
보석사   은행나무,36.054757,127.4753969
보석사,36.054757,127.4753969
태조대왕태실,36.19976177,127.4543633
개삼터,36.07533917,127.4783939
태고사,36.13440357,127.3251004
칠백의총,36.12942797,127.492435
문동휴양지,34.85648266,128.6628354
법기수원지,35.34825271,129.1079758
대운산자연휴양림,35.41784975,129.2088996
내원사계곡(내원사),35.44578536,129.1104508
진주대첩역사공원,35.190252764,128.0838567554
진주실크박물관,35.159879128,128.164800
진주남강유등전시관,35.1818005936,128.0772058
진주청동기문화박물관,35.22437983,127.9619637
진주익룡발자국전시관,35.1686382,128.1396863
진주시립이성자미술관,35.17580996,128.1427403
진주목공예전수관,35.24702277,128.0417914
일호광장진주역,35.17816441,128.0893466
용산신학교,37.53420937,126.9545934
옛 풍국제과 공장(현 오리온),37.53567207,126.9695135
당고개 순교성지,37.53559012,126.966963
전쟁기념관,37.53731405,126.9784661
순천만국가정원,34.92888588,127.4999591
인천도호부청사,37.4393787,126.6868134
슬로시티삼지내마을,35.23522516,127.0178498
한국가사문학관,35.18796216,127.0054858
한국대나무박물관,35.30934367,126.9764088
소쇄원,35.18433903,127.0121793
메타세쿼이아랜드,35.32342607,127.001993
죽녹원,35.32535666,126.9866155
도장포어촌체험마을,34.743449,128.662475
다대어촌체험마을,34.73449995,128.630513
계도어촌체험마을,34.974872,128.517512
거제자연휴양림,34.785699,128.625943
거제요트학교,34.833694,128.701885
거제시농업개발원,34.856464,128.579187
거제박물관,34.894071,128.686203
맹종죽테마공원,34.967708,128.650512
치산관광지,36.04693281,128.712821
황산공원,35.30173083,128.9895949
홍룡폭포(홍룡사),35.39699967,129.0864895
통도환타지아,35.4999924,129.0831299
통도사,35.47540912,129.0563672
임경대,35.32243455,128.9778074
에덴밸리,35.42905699,128.9844664
양산타워,35.32591877,129.0239276
양산시립박물관,35.35849531,129.0490358
산천동 부군당,37.535662,126.9531703
청암동 부군당,37.534803,126.946373
심원정 왜명강화지처비,37.53342496,126.951860
구 용산 수위관측소,37.533956,126.947132
서울 원효로 예수성심당,37.53420937,126.9545934
인천나비공원,37.52026697,126.6927245
부평안전체험관,37.51098789,126.7333177
부평역사박물관,37.51214216,126.7379081
기후변화체험관,37.50932668,126.7307645
부평아트센터,37.4822383,126.7049334
만리포 관광지,36.79000781,126.1465709
동학농민혁명기념공원,36.51567136,127.7591951
속리산 법주사,36.53993659,127.8306346
보은 우당고택,36.46857583,127.7906134
보은 삼년산성,36.48993999,127.7417752
공곶이,34.79451496,128.713906
외도,34.76947226,128.7113921
거제해금강,34.73266258,128.683858
포로수용소유적공원,34.87637998,128.625371
칠천량해전공원,34.977629,128.628247
지심도,34.81531906,128.6750514
조선해양문화관,34.833694,128.701885
옥포대첩기념공원,34.902196,128.714059
오션어드벤처,34.843791,128.702943
씨라인,34.91111602,128.7102346
쌍근어촌체험마을,34.762399,128.589438
용산재,35.13103091,127.3210133
천태암,35.09395689,127.2764599
관음사,35.21469614,127.1653199
성륜사,35.29704978,127.1208706
삼척해수욕장,37.47034344,129.1647024
황령산관광지,35.155156,129.102558
자인계정숲,35.81784608,128.8189958
삼성현역사문화공원,35.80168834,128.7966117
동의한방촌,35.79937497,128.800141
경산상대온천,35.78037855,128.7922287
고석정,38.18542141,127.2874037
간현관광지,37.36457641,127.834038
완주전통문화체험장,35.98879491,127.261342
대한민국술테마박물관,35.726048,127.1361627
그림책미술관,35.90832046,127.068059
삼례책마을,35.90745719,127.065756
삼례문화예술촌,35.90623513,127.0658535
비비정예술열차,35.89880244,127.0676418
순천용오름마을,35.0921171,127.2020571
순천시청소년수련원,35.04652524,127.4733227
그림책도서관,34.9579091,127.4860252
부영컨트리클럽,34.94005246,127.5555065
순천컨트리클럽,34.86653556,127.4059214
레이크힐스골프장,35.0453779,127.3092617
파인힐스골프장,35.03454985,127.2723022
승주골프장,34.89477542,127.4482083
기독교역사박물관,34.96043473,127.4801207
순천자연휴양림,35.04388083,127.4744949
에코촌유스호스텔,34.92310938,127.5164423
선암사,34.99618213,127.327356
송광사,35.00236255,127.2748706
뿌리깊은나무박물관,34.9036464,127.3399827
드라마촬영장,34.95810919,127.5378026
낙안읍성,34.90640107,127.3418227
순천만습지,34.88579701,127.5092833
남산&N서울타워,37.55112257,126.9878678
새남터 순교성지,37.52512658,126.9570717
보광동 무후묘,37.527058,126.9973443
김유신 장군 사당,37.523941,127.000688
용산기지 옛 미군장교숙소(현 용산공원),37.52300977,126.989165
동빙고 부군당,37.52214299,126.996145
용연동굴,37.20888277,128.9418601
구문소 관광지,37.09296812,129.0422636
갓바위,34.79372717,126.4210674
목포자연사박물관,34.79372717,126.4210674
김대중노벨평화상기념관,34.78285177,126.3922506
송호관광지,36.12969079,127.676367
레인보우힐링관광지,36.15635341,127.7865137
화암사,36.06629938,127.2872339
위봉사&위봉폭포&위봉산성,35.9105769,127.2572831
송광사&벚꽃길,35.885763,127.2417509
무궁화오토캠핑장,35.97398132,127.2315513
오성한옥마을,35.90695186,127.2367573
놀토피아,35.98879491,127.261342
청소년전통문화체험관,35.98879491,127.261342
서동요역사관광지,36.14594895,126.8248464
구드래관광지,36.28718846,126.9068136
호미곶관광단지,36.07608308,129.5665319
한국차문화공원,34.71987643,127.0817099
율포해수욕장,34.67002926,127.0890241
소요산관광지,37.94652177,127.0693409
노들섬,37.51766383,126.9580365
절물자연휴양림,33.44004881,126.6252034
김녕관광지,33.5548971,126.7654535215
곽지관광지,33.4499564,126.3041171
협재관광지,33.3934958502,126.2385968886
통일전망대,38.51438609,128.416703
소노벨비발디파크,37.65233706,127.6873348
팔봉산관광지,37.703098,127.695183
제주별빛누리공원,33.4445529,126.5491863
노루생태관찰원,33.4443253,126.6266934
봉두산,35.13195828,127.3863807
동악산,35.26726372,127.2575047
화진포해양박물관,38.481345,128.435682
화진포역사안보전시관,38.47250515,128.4430602
완도타워,34.31443839,126.763267
태백고생대자연사박물관,37.0948994,129.0396319
석탄박물관,37.1185773888,128.9505662
철암탄광역사촌,37.11436554,129.0372165
유현문화관광지,37.52903211,127.8186829
어답산관광지,37.59380861,128.0575207
송지호 관망타워,38.33623615,128.5175989
화진포 생태박물관,38.47218738,128.4436214
시사교육박물관 김갑진 갤러리,35.11000012,127.262542
섬진강문화학교 독도사진전시관,35.14820762,127.3603367
조태일시문학기념관,35.13351552,127.3685909
통명산,35.20404024,127.2592454
설산,35.29950593,127.1025224
부석사관광지,36.99435088,128.6797054
한국가구박물관,37.60037831,126.9934492
길상사,37.59910942,126.9946522
심우장,37.5936268,126.9916662
대광해수욕장,35.10291276,126.0725117
백제문화관광단지,36.30386704,126.9007732
비비정,35.90154901,127.071693
대아수목원&대아호,35.97623865,127.3003851
상관 공기마을 편백숲,35.737491,127.2023884
고산자연휴양림,35.96224205,127.2328719
모악산도립공원,35.72946608,127.1098589
보길윤선도원림,34.16247899,126.5559442
슬로시티청산도,34.1717924248,126.8621742186
어촌민속전시관,34.307331,126.688559
청해포구촬영장,34.32293555,126.6705189
완도수목원,34.36065258,126.6635321
해양생태전시관,34.351532,126.731489
장보고기념관,34.355097,126.730164
장도청해진유적지,34.3601250565,126.7369503241
감천문화마을,35.09748533,129.01060359
을숙도 철새공원,35.09903966,128.94364550
을숙도 생태공원,35.11604341,128.94861721
낙동강하구아미산전망대,35.05265992,128.96069407
다대포해수욕장,35.04661416,128.96800515
다대포 꿈의 낙조분수,35.04661416,128.96800515
몰운대,35.03931428,128.96893979
간월도관광지,36.60625,126.41775
중대물빛공원,37.40272258,127.218054
팔당물안개공원,37.50956344,127.3174613
경안천습지생태공원,37.45920014,127.3051169
경기도자박물관,37.35028421,127.3347877
천진암,37.42357313,127.3883989
분원백자자료관,37.49625742,127.3034492
남한산성,37.47669636,127.1884165
간절곶 공원,35.3625312,129.3591079
대운산 내원암 계곡,35.39913422,129.2309807
작괘천,35.55162452,129.0953395
휘닉스파크관광단지,37.5758724566,128.3160325007
알펜시아관광단지,37.65925417,128.6840107
용평관광단지,37.65094444,128.7055569
마하생태관광지,37.29236873,128.5412837
평창돌문화체험관,37.376584,128.409516
이효석문화예술촌,37.61317426,128.3701239
백룡동굴,37.27786356,128.577051
무이예술관,37.61527594,128.348787
안동문화관광지,36.5695076,128.7786154
하회관광지,36.5489594,128.5274931
탑산약수온천,36.30396195,128.5892642
나들라온,37.64063549,126.7560031
행주산성,37.59610775,126.8287118
고양관광정보센터,37.65948674,126.7726989
보문관광단지,35.843673,129.2869659
장흥관광지,37.73281632,126.9492504
아산온천관광지,36.69884759,126.9666069
사라온 이야기 마을,36.236155,128.567733
김수환 추기경 사랑과 나눔 공원,36.232449,128.599613
팔공산 하늘정원,36.023813,128.696761
웰리힐리파크 관광단지,37.49012611,128.2501389
한강 나루터,37.530347,127.007028
유관순 열사 추모비,37.53587802,126.9897044
이태원 부군당,37.53587802,126.9897044
천주교 순교성지 새남터 성당,37.52512658,126.9570717
새남터,37.52587942,126.956708
옛 간조 경성지점 사옥,37.53059231,126.970508
왜고개 순교성지,37.52990239,126.9719253
통영루지,34.82440908,128.4241617
무극전적국민관광지,36.95063812,127.6470132
낙안민속자연휴양림,34.91226789,127.3523884
거차뻘배체험마을,34.8375993,127.4474457
순천생태마을,35.06648711,127.3602718
순천향매실마을,35.0622232,127.4045173
충온온천,37.10173095,127.7962316
능암온천,37.09370046,127.802172
충주호체험,37.02308256,127.8619229
탄금공원,36.98782919,127.9055691
당항포관광지,35.05322615,128.3920276
웅포관광지,36.06581391,126.8754193
담양호국민관광지,35.4019831,126.9990829
섬진강 레일바이크,35.23015492,127.3682034
곡성기차마을 패러글라이딩체험,35.26672854,127.3087391
곡성기차마을전통시장,35.27976851,127.2984461
곡성청소년야영장,35.22777786,127.369723
심청한옥마을,35.23063008,127.3575205
심청골짝나라학교,35.17183675,127.2580116
심청효문화센터,35.20836622,127.1288481
곡성생태체험관,35.31719414,127.1699834
아산조방원미술관,35.29706668,127.1224042303